{
  "SourceCode": "pragma solidity ^0.4.16;\r\n\r\n\r\n/**\r\n * @title WeBetCrypto\r\n * @author AL_X\r\n * @dev The WBC ERC-223 Token Contract\r\n */\r\ncontract WeBetCrypto {\r\n    string public name = \"We Bet Crypto\";\r\n    string public symbol = \"WBC\";\r\n\t\r\n    address public selfAddress;\r\n    address public admin;\r\n    address[] private users;\r\n\t\r\n    uint8 public decimals = 7;\r\n    uint256 public relativeDateSave;\r\n    uint256 public totalFunds;\r\n    uint256 public totalSupply = 300000000000000;\r\n    uint256 public pricePerEther;\r\n    uint256 private amountInCirculation;\r\n    uint256 private currentProfits;\r\n    uint256 private currentIteration;\r\n\tuint256 private actualProfitSplit;\r\n\t\r\n    bool public DAppReady;\r\n    bool public isFrozen;\r\n\tbool public splitInService = true;\r\n\tbool private hasICORun;\r\n    bool private running;\r\n\tbool[4] private devApprovals;\r\n\t\r\n    mapping(address => uint256) balances;\r\n    mapping(address => uint256) monthlyLimit;\r\n\t\r\n    mapping(address => bool) isAdded;\r\n    mapping(address => bool) freezeUser;\r\n\t\r\n    mapping (address => mapping (address => uint256)) allowed;\r\n\tmapping (address => mapping (address => uint256)) cooldown;\r\n\t\r\n    event Transfer(address indexed _from, address indexed _to, uint256 _value, bytes _data);\r\n    event Approval(address indexed _owner, address indexed _spender, uint256 _value);\r\n    event CurrentTLSNProof(address indexed _from, string _proof);\r\n    \r\n\t/**\r\n\t * @notice Ensures admin is caller\r\n\t */\r\n    modifier isAdmin() {\r\n        require(msg.sender == admin);\r\n        //Continue executing rest of method body\r\n        _;\r\n    }\r\n    \r\n    /**\r\n\t * @notice Re-entry protection\r\n\t */\r\n    modifier isRunning() {\r\n        require(!running);\r\n        running = true;\r\n        _;\r\n        running = false;\r\n    }\r\n    \r\n\t/**\r\n\t * @notice Ensures system isn't frozen\r\n\t */\r\n    modifier requireThaw() {\r\n        require(!isFrozen);\r\n        _;\r\n    }\r\n    \r\n\t/**\r\n\t * @notice Ensures player isn't logged in on platform\r\n\t */\r\n    modifier userNotPlaying(address _user) {\r\n        require(!freezeUser[_user]);\r\n        _;\r\n    }\r\n\t\r\n\t/**\r\n\t * @notice Ensures function runs only once\r\n\t */\r\n\tmodifier oneTime() {\r\n\t\trequire(!hasICORun);\r\n\t\t_;\r\n\t}\r\n    \r\n\t/**\r\n\t * @notice Ensures WBC DApp is online\r\n\t */\r\n    modifier DAppOnline() {\r\n        require(DAppReady);\r\n        _;\r\n    }\r\n    \r\n    /**\r\n\t * @notice SafeMath Library safeSub Import\r\n\t * @dev \r\n\t        Since we are dealing with a limited currency\r\n\t        circulation of 30 million tokens and values\r\n\t        that will not surpass the uint256 limit, only\r\n\t        safeSub is required to prevent underflows.\r\n\t */\r\n    function safeSub(uint256 a, uint256 b) internal constant returns (uint256 z) {\r\n        assert((z = a - b) <= a);\r\n    }\r\n\t\r\n\t/**\r\n\t * @notice WBC Constructor\r\n\t * @dev \r\n\t        Constructor function containing proper initializations such as \r\n\t        token distribution to the team members and pushing the first \r\n\t        profit split to 6 months when the DApp will already be live.\r\n\t */\r\n    function WeBetCrypto() {\r\n        admin = msg.sender;\r\n        balances[0x166Cb48973C2447dafFA8EFd3526da18076088de] = 22500000000000;\r\n        addUser(0x166Cb48973C2447dafFA8EFd3526da18076088de);\r\n        balances[0xE59CbD028f71447B804F31Cf0fC41F0e5E13f4bF] = 15000000000000;\r\n        addUser(0xE59CbD028f71447B804F31Cf0fC41F0e5E13f4bF);\r\n        balances[0x1ab13D2C1AC4303737981Ce8B8bD5116C84c744d] = 5000000000000;\r\n        addUser(0x1ab13D2C1AC4303737981Ce8B8bD5116C84c744d);\r\n        balances[0x06908Df389Cf2589375b6908D0b1c8FcC34721B5] = 2500000000000;\r\n        addUser(0x06908Df389Cf2589375b6908D0b1c8FcC34721B5);\r\n        balances[0xEdBd4c6757DC425321584a91bDB355Ce65c42b13] = 2500000000000;\r\n        addUser(0xEdBd4c6757DC425321584a91bDB355Ce65c42b13);\r\n        balances[0x4309Fb4B31aA667673d69db1072E6dcD50Fd8858] = 2500000000000;\r\n        addUser(0x4309Fb4B31aA667673d69db1072E6dcD50Fd8858);\r\n        selfAddress = this;\r\n        relativeDateSave = now + 180 days;\r\n        pricePerEther = 33209;\r\n        balances[selfAddress] = 250000000000000;\r\n    }\r\n    \r\n    /**\r\n     * @notice Check the name of the token ~ ERC-20 Standard\r\n     * @return {\r\n\t\t\t\t\t\"_name\": \"The token name\"\r\n\t\t\t\t}\r\n     */\r\n    function name() external constant returns (string _name) {\r\n        return name;\r\n    }\r\n    \r\n\t/**\r\n     * @notice Check the symbol of the token ~ ERC-20 Standard\r\n     * @return {\r\n\t\t\t\t\t\"_symbol\": \"The token symbol\"\r\n\t\t\t\t}\r\n     */\r\n    function symbol() external constant returns (string _symbol) {\r\n        return symbol;\r\n    }\r\n    \r\n    /**\r\n     * @notice Check the decimals of the token ~ ERC-20 Standard\r\n     * @return {\r\n\t\t\t\t\t\"_decimals\": \"The token decimals\"\r\n\t\t\t\t}\r\n     */\r\n    function decimals() external constant returns (uint8 _decimals) {\r\n        return decimals;\r\n    }\r\n    \r\n    /**\r\n     * @notice Check the total supply of the token ~ ERC-20 Standard\r\n     * @return {\r\n\t\t\t\t\t\"_totalSupply\": \"Total supply of tokens\"\r\n\t\t\t\t}\r\n     */\r\n    function totalSupply() external constant returns (uint256 _totalSupply) {\r\n        return totalSupply;\r\n    }\r\n    \r\n    /**\r\n     * @notice Query the available balance of an address ~ ERC-20 Standard\r\n\t * @param _owner The address whose balance we wish to retrieve\r\n     * @return {\r\n\t\t\t\t\t\"balance\": \"Balance of the address\"\r\n\t\t\t\t}\r\n     */\r\n    function balanceOf(address _owner) external constant returns (uint256 balance) {\r\n        return balances[_owner];\r\n    }\r\n\t\r\n\t/**\r\n\t * @notice Query the amount of tokens the spender address can withdraw from the owner address ~ ERC-20 Standard\r\n\t * @param _owner The address who owns the tokens\r\n\t * @param _spender The address who can withdraw the tokens\r\n\t * @return {\r\n\t\t\t\t\t\"remaining\": \"Remaining withdrawal amount\"\r\n\t\t\t\t}\r\n     */\r\n    function allowance(address _owner, address _spender) external constant returns (uint256 remaining) {\r\n        return allowed[_owner][_spender];\r\n    }\r\n    \r\n    /**\r\n     * @notice Transfer tokens from an address to another ~ ERC-20 Standard\r\n\t * @dev \r\n\t        Adjusts the monthly limit in case the _from address is the Casino\r\n\t        and ensures that the user isn't logged in when retrieving funds\r\n\t        so as to prevent against a race attack with the Casino.\r\n     * @param _from The address whose balance we will transfer\r\n     * @param _to The recipient address\r\n\t * @param _value The amount of tokens to be transferred\r\n     */\r\n    function transferFrom(address _from, address _to, uint256 _value) external requireThaw userNotPlaying(_to) {\r\n\t\trequire(cooldown[_from][_to] <= now);\r\n        var _allowance = allowed[_from][_to];\r\n        if (_from == selfAddress) {\r\n            monthlyLimit[_to] = safeSub(monthlyLimit[_to], _value);\r\n        }\r\n        balances[_to] = balances[_to]+_value;\r\n        balances[_from] = safeSub(balances[_from], _value);\r\n        allowed[_from][_to] = safeSub(_allowance, _value);\r\n        addUser(_to);\r\n        bytes memory empty;\r\n        Transfer(_from, _to, _value, empty);\r\n    }\r\n    \r\n    /**\r\n\t * @notice Authorize an address to retrieve funds from you ~ ERC-20 Standard\r\n\t * @dev \r\n\t        Each approval comes with a default cooldown of 30 minutes\r\n\t        to prevent against the ERC-20 race attack.\r\n\t * @param _spender The address you wish to authorize\r\n\t * @param _value The amount of tokens you wish to authorize\r\n\t */\r\n    function approve(address _spender, uint256 _value) external {\r\n        allowed[msg.sender][_spender] = _value;\r\n\t\tcooldown[msg.sender][_spender] = now + 30 minutes;\r\n        Approval(msg.sender, _spender, _value);\r\n    }\r\n\t\r\n\t/**\r\n\t * @notice Authorize an address to retrieve funds from you with a custom cooldown ~ ERC-20 Standard\r\n\t * @dev Allowing custom cooldown for the ERC-20 race attack prevention.\r\n\t * @param _spender The address you wish to authorize\r\n\t * @param _value The amount of tokens you wish to authorize\r\n\t * @param _cooldown The amount of seconds the recipient needs to wait before withdrawing the balance\r\n\t */\r\n    function approve(address _spender, uint256 _value, uint256 _cooldown) external {\r\n        allowed[msg.sender][_spender] = _value;\r\n\t\tcooldown[msg.sender][_spender] = now + _cooldown;\r\n        Approval(msg.sender, _spender, _value);\r\n    }\r\n    \r\n    /**\r\n\t * @notice Transfer the specified amount to the target address ~ ERC-20 Standard\r\n\t * @dev \r\n\t        A boolean is returned so that callers of the function \r\n\t        will know if their transaction went through.\r\n\t * @param _to The address you wish to send the tokens to\r\n\t * @param _value The amount of tokens you wish to send\r\n\t * @return {\r\n\t\t\t\t\t\"success\": \"Transaction success\"\r\n\t\t\t\t}\r\n     */\r\n    function transfer(address _to, uint256 _value) external isRunning requireThaw returns (bool success){\r\n        bytes memory empty;\r\n        if (_to == selfAddress) {\r\n            return transferToSelf(_value, empty);\r\n        } else if (isContract(_to)) {\r\n            return transferToContract(_to, _value, empty);\r\n        } else {\r\n            return transferToAddress(_to, _value, empty);\r\n        }\r\n    }\r\n    \r\n    /**\r\n\t * @notice Check whether address is a contract ~ ERC-223 Proposed Standard\r\n\t * @param _address The address to check\r\n\t * @return {\r\n\t\t\t\t\t\"is_contract\": \"Result of query\"\r\n\t\t\t\t}\r\n     */\r\n    function isContract(address _address) internal returns (bool is_contract) {\r\n        uint length;\r\n        assembly {\r\n            length := extcodesize(_address)\r\n        }\r\n        return length > 0;\r\n    }\r\n    \r\n    /**\r\n\t * @notice Transfer the specified amount to the target address with embedded bytes data ~ ERC-223 Proposed Standard\r\n\t * @dev Includes an extra transferToSelf function to handle Casino deposits\r\n\t * @param _to The address to transfer to\r\n\t * @param _value The amount of tokens to transfer\r\n\t * @param _data Any extra embedded data of the transaction\r\n\t * @return {\r\n\t\t\t\t\t\"success\": \"Transaction success\"\r\n\t\t\t\t}\r\n     */\r\n    function transfer(address _to, uint256 _value, bytes _data) external isRunning requireThaw returns (bool success){\r\n        if (_to == selfAddress) {\r\n            return transferToSelf(_value, _data);\r\n        } else if (isContract(_to)) {\r\n            return transferToContract(_to, _value, _data);\r\n        } else {\r\n            return transferToAddress(_to, _value, _data);\r\n        }\r\n    }\r\n    \r\n    /**\r\n\t * @notice Handles transfer to an ECA (Externally Controlled Account), a normal account ~ ERC-223 Proposed Standard\r\n\t * @param _to The address to transfer to\r\n\t * @param _value The amount of tokens to transfer\r\n\t * @param _data Any extra embedded data of the transaction\r\n\t * @return {\r\n\t\t\t\t\t\"success\": \"Transaction success\"\r\n\t\t\t\t}\r\n     */\r\n    function transferToAddress(address _to, uint256 _value, bytes _data) internal returns (bool success) {\r\n        balances[msg.sender] = safeSub(balances[msg.sender], _value);\r\n        balances[_to] = balances[_to]+_value;\r\n        addUser(_to);\r\n        Transfer(msg.sender, _to, _value, _data);\r\n        return true;\r\n    }\r\n    \r\n    /**\r\n\t * @notice Handles transfer to a contract ~ ERC-223 Proposed Standard\r\n\t * @param _to The address to transfer to\r\n\t * @param _value The amount of tokens to transfer\r\n\t * @param _data Any extra embedded data of the transaction\r\n\t * @return {\r\n\t\t\t\t\t\"success\": \"Transaction success\"\r\n\t\t\t\t}\r\n     */\r\n    function transferToContract(address _to, uint256 _value, bytes _data) internal returns (bool success) {\r\n        balances[msg.sender] = safeSub(balances[msg.sender], _value);\r\n        balances[_to] = balances[_to]+_value;\r\n        WeBetCrypto rec = WeBetCrypto(_to);\r\n        rec.tokenFallback(msg.sender, _value, _data);\r\n        addUser(_to);\r\n        Transfer(msg.sender, _to, _value, _data);\r\n        return true;\r\n    }\r\n    \r\n    /**\r\n\t * @notice Handles Casino deposits ~ Custom ERC-223 Proposed Standard Addition\r\n\t * @param _value The amount of tokens to transfer\r\n\t * @param _data Any extra embedded data of the transaction\r\n\t * @return {\r\n\t\t\t\t\t\"success\": \"Transaction success\"\r\n\t\t\t\t}\r\n     */\r\n    function transferToSelf(uint256 _value, bytes _data) internal returns (bool success) {\r\n        balances[msg.sender] = safeSub(balances[msg.sender], _value);\r\n        balances[selfAddress] = balances[selfAddress]+_value;\r\n        Transfer(msg.sender, selfAddress, _value, _data);\r\n\t\tallowed[selfAddress][msg.sender] = _value + allowed[selfAddress][msg.sender];\r\n\t\tApproval(selfAddress, msg.sender, allowed[selfAddress][msg.sender]);\r\n        return true;\r\n    }\r\n\t\r\n\t/**\r\n\t * @notice Empty tokenFallback method to ensure ERC-223 compatibility\r\n\t * @param _sender The address who sent the ERC-223 tokens\r\n\t * @param _value The amount of tokens the address sent to this contract\r\n\t * @param _data Any embedded data of the transaction\r\n\t */\r\n\tfunction tokenFallback(address _sender, uint256 _value, bytes _data) {}\r\n\t\r\n\t/**\r\n\t * @notice Check the cooldown remaining until the allowee can withdraw the balance\r\n\t * @param _allower The holder of the balance\r\n\t * @param _allowee The recipient of the balance\r\n\t * @return {\r\n\t\t\t\t\t\"remaining\": \"Cooldown remaining in seconds\"\r\n\t\t\t\t}\r\n     */\r\n\tfunction checkCooldown(address _allower, address _allowee) external constant returns (uint256 remaining) {\r\n\t\tif (cooldown[_allower][_allowee] > now) {\r\n\t\t\treturn (cooldown[_allower][_allowee] - now);\r\n\t\t} else {\r\n\t\t\treturn 0;\r\n\t\t}\r\n\t}\r\n\t\r\n\t/**\r\n\t * @notice Check how much Casino withdrawal balance remains for address\r\n\t * @param _owner The address to check\r\n\t * @return {\r\n\t\t\t\t\t\"remaining\": \"Withdrawal balance remaining\"\r\n\t\t\t\t}\r\n     */\r\n    function checkMonthlyLimit(address _owner) external constant returns (uint256 remaining) {\r\n        return monthlyLimit[_owner];\r\n    }\r\n\t\r\n\t/**\r\n\t * @notice Retrieve ERC Tokens sent to contract\r\n\t * @dev Feel free to contact us and retrieve your ERC tokens should you wish so.\r\n\t * @param _token The token contract address\r\n\t */\r\n    function claimTokens(address _token) isAdmin external { \r\n\t\trequire(_token != selfAddress);\r\n        WeBetCrypto token = WeBetCrypto(_token); \r\n        uint balance = token.balanceOf(selfAddress); \r\n        token.transfer(admin, balance); \r\n    }\r\n    \r\n\t/**\r\n\t * @notice Freeze token circulation - splitProfits internal\r\n\t * @dev \r\n\t        Ensures that one doesn't transfer his total balance mid-split to \r\n\t        an account later in the split queue in order to receive twice the\r\n\t        monthly profits\r\n\t */\r\n    function assetFreeze() internal {\r\n        isFrozen = true;\r\n    }\r\n    \r\n\t/**\r\n\t * @notice Re-enable token circulation - splitProfits internal\r\n\t */\r\n    function assetThaw() internal {\r\n        isFrozen = false;\r\n    }\r\n    \r\n\t/**\r\n\t * @notice Freeze token circulation\r\n\t * @dev To be used only in extreme circumstances.\r\n\t */\r\n    function emergencyFreeze() isAdmin external {\r\n        isFrozen = true;\r\n    }\r\n    \r\n\t/**\r\n\t * @notice Re-enable token circulation\r\n\t * @dev To be used only in extreme circumstances\r\n\t */\r\n    function emergencyThaw() isAdmin external {\r\n        isFrozen = false;\r\n    }\r\n\t\r\n\t/**\r\n\t * @notice Disable the splitting function\r\n\t * @dev \r\n\t        To be used in case the system is upgraded to a \r\n\t        node.js operated profit reward system via the \r\n\t\t\talterBankBalance function. Ensures scalability \r\n\t\t\tin case userbase gets too big.\r\n\t */\r\n\tfunction emergencySplitToggle() external {\r\n\t\tsplitInService = !splitInService;\r\n\t}\r\n    \r\n\t/**\r\n\t * @notice Adjust the price of Ether according to Coin Market Cap's API\r\n\t * @dev \r\n\t        The subfolder is public domain so anyone can verify that we indeed got the price\r\n\t        from a trusted source at the time we updated it. 2 decimal precision is achieved\r\n\t        by multiplying the price of Ether by 100 and then offsetting the multiplication\r\n\t        in the calculation the price is used in. The TLSNotaryProof string can be added\r\n\t        to the end of https://webetcrypto.io/TLSNotary/ to get the perspective TLS proof.\r\n\t * @param newPrice The new Ethereum price with 2 decimal precision\r\n\t * @param TLSNotaryProof The webetcrypto.io subfolder the TLSNotary proof is stored\r\n\t */\r\n    function setPriceOfEther(uint256 newPrice, string TLSNotaryProof) external isAdmin {\r\n        pricePerEther = newPrice;\r\n        CurrentTLSNProof(selfAddress, TLSNotaryProof);\r\n    }\r\n\t\r\n\t/**\r\n\t * @notice Get the current 2-decimal precision price per token\r\n\t * @dev \r\n\t        The price retains the 2 decimal precision by multiplying it with\r\n\t        100 and offsetting that in the calculations the price is used in.\r\n\t        For example 50 means each token costs 0.50$.\r\n\t * @return {\r\n\t\t\t\t\t\"price\": \"Price of a single WBC Token\"\r\n\t\t\t\t}\r\n     */\r\n\tfunction getPricePerToken() public constant returns (uint256 price) {\r\n        if (balances[selfAddress] > 200000000000000) {\r\n            return 50;\r\n        } else if (balances[selfAddress] > 150000000000000) {\r\n\t\t\treturn 200;\r\n\t\t} else if (balances[selfAddress] > 100000000000000) {\r\n\t\t\treturn 400;\r\n\t\t} else {\r\n\t\t\treturn 550;\r\n        }\r\n    }\r\n\t\r\n\t/**\r\n\t * @notice Convert Wei to WBC tokens\r\n\t * @dev \r\n\t\t    The _value is multiplied by 10^7 because of the 7 decimal precision\r\n\t\t\tof WBC and to ensure that a user can invest less than 1 ether and \r\n\t\t\tstill get his WBC tokens, preventing rounding errors. A hard cap\r\n\t\t\tof 500k WBC tokens per purchase is enforced so as to prevent users\r\n\t\t\tfrom buying large amounts at a higher or lower Ether price due to \r\n\t\t\thourly price updates.\r\n\t * @param _value The amount of Wei to convert\r\n\t * @return {\r\n\t\t\t\t\t\"tokenAmount\": \"Amount of WBC Tokens input is worth\"\r\n\t\t\t\t}\r\n     */\r\n\tfunction calculateTokenAmount(uint256 _value) internal returns (uint256 tokenAmount) {\r\n\t\ttokenAmount = ((_value*(10**7)/1 ether)*pricePerEther)/getPricePerToken();\r\n\t\tassert(tokenAmount <= 5000000000000);\r\n\t}\r\n\t\r\n\t/**\r\n\t * @notice Add the address to the user list \r\n\t * @dev Used for the splitting function to take it into account\r\n\t * @param _user User to add to database\r\n\t */\r\n\tfunction addUser(address _user) internal {\r\n\t\tif (!isAdded[_user]) {\r\n            users.push(_user);\r\n            monthlyLimit[_user] = 5000000000000;\r\n            isAdded[_user] = true;\r\n        }\r\n\t}\r\n    \r\n\t/**\r\n\t * @notice Split the monthly profits of the Casino to the users\r\n\t * @dev \r\n\t\t\tThe formula that calculates the profit a user is owed can be seen on \r\n\t\t\tthe white paper. The actualProfitSplit variable stores the actual values\r\n\t   \t\tthat are distributed to the users to prevent rounding errors from burning \r\n\t\t\ttokens. Since gas requirements will spike the more users use our platform,\r\n\t\t\ta loop-state-save is implemented to ensure scalability.\r\n\t */\r\n    function splitProfits() external {\r\n\t\trequire(splitInService);\r\n        bytes memory empty;\r\n        uint i;\r\n        if (!isFrozen) {\r\n            require(now >= relativeDateSave);\r\n            assetFreeze();\r\n            require(balances[selfAddress] > 30000000000000);\r\n            relativeDateSave = now + 30 days;\r\n            currentProfits = ((balances[selfAddress]-30000000000000)/10)*7; \r\n            amountInCirculation = safeSub(300000000000000, balances[selfAddress]);\r\n            currentIteration = 0;\r\n\t\t\tactualProfitSplit = 0;\r\n        } else {\r\n            for (i = currentIteration; i < users.length; i++) {\r\n                monthlyLimit[users[i]] = 5000000000000;\r\n                if (msg.gas < 240000) {\r\n                    currentIteration = i;\r\n                    break;\r\n                }\r\n\t\t\t\tif (allowed[selfAddress][users[i]] == 0) {\r\n\t\t\t\t\tcheckSplitEnd(i);\r\n\t\t\t\t\tcontinue;\r\n\t\t\t\t} else if ((balances[users[i]]/allowed[selfAddress][users[i]]) < 19) {\r\n\t\t\t\t\tcheckSplitEnd(i);\r\n                    continue;\r\n                }\r\n                balances[users[i]] += (balances[users[i]]*currentProfits)/amountInCirculation;\r\n\t\t\t\tactualProfitSplit += (balances[users[i]]*currentProfits)/amountInCirculation;\r\n\t\t\t\tcheckSplitEnd(i);\r\n                Transfer(selfAddress, users[i], (balances[users[i]]/amountInCirculation)*currentProfits, empty);\r\n            }\r\n        }\r\n    }\r\n\t\r\n\t/**\r\n\t * @notice Change variables on split end\r\n\t * @param i The current index of the split loop\r\n\t */\r\n\tfunction checkSplitEnd(uint256 i) internal {\r\n\t\tif (i == users.length-1) {\r\n\t\t\tassetThaw();\r\n\t\t\tbalances[0x166Cb48973C2447dafFA8EFd3526da18076088de] = balances[0x166Cb48973C2447dafFA8EFd3526da18076088de] + currentProfits/22;\r\n\t\t\tbalances[selfAddress] = balances[selfAddress] - actualProfitSplit - currentProfits/22;\r\n\t\t}\r\n\t}\r\n\t\r\n\t/**\r\n\t * @notice Split the unsold WBC of the ICO\r\n\t * @dev \r\n\t\t\tOne time function to distribute the unsold tokens.\r\n\t */\r\n    function ICOSplit() external isAdmin oneTime {\r\n        bytes memory empty;\r\n        uint i;\r\n        if (!isFrozen) {\r\n            require((relativeDateSave - now) >= (relativeDateSave - 150 days));\r\n            assetFreeze();\r\n            require(balances[selfAddress] > 50000000000000);\r\n            currentProfits = ((balances[selfAddress] - 50000000000000) / 10) * 7; \r\n            amountInCirculation = safeSub(300000000000000, balances[selfAddress]);\r\n            currentIteration = 0;\r\n\t\t\tactualProfitSplit = 0;\r\n        } else {\r\n            for (i = currentIteration; i < users.length; i++) {\r\n                if (msg.gas < 240000) {\r\n                    currentIteration = i;\r\n                    break;\r\n                }\r\n                balances[users[i]] += (balances[users[i]]*currentProfits)/amountInCirculation;\r\n\t\t\t\tactualProfitSplit += (balances[users[i]]*currentProfits)/amountInCirculation;\r\n                if (i == users.length-1) {\r\n                    assetThaw();\r\n                    balances[selfAddress] = balances[selfAddress] - actualProfitSplit;\r\n\t\t\t\t\thasICORun = true;\r\n                }\r\n                Transfer(selfAddress, users[i], (balances[users[i]]/amountInCirculation)*currentProfits, empty);\r\n            }\r\n        }\r\n    }\r\n\t\r\n\t/**\r\n\t * @notice Sign that the DApp is ready\r\n\t * @dev \r\n\t        Only the core team members have access to this function. This is \r\n\t        created as an extra layer of security for investors and users of \r\n\t\t\tthe coin, since a multi-signature approval is required before the \r\n\t\t\tfunction that alters the Casino balance is used.\r\n\t */\r\n    function assureDAppIsReady() external {\r\n        if (msg.sender == 0x166Cb48973C2447dafFA8EFd3526da18076088de) {\r\n            devApprovals[0] = true;\r\n        } else if (msg.sender == 0x1ab13D2C1AC4303737981Ce8B8bD5116C84c744d) {\r\n            devApprovals[1] = true;\r\n        } else if (msg.sender == 0xEC5a48d6F11F8a981aa3D913DA0A69194280cDBc) {\r\n            devApprovals[2] = true;\r\n        } else if (msg.sender == 0xE59CbD028f71447B804F31Cf0fC41F0e5E13f4bF) {\r\n            devApprovals[3] = true;\r\n        } else {\r\n\t\t\trevert();\r\n\t\t}\r\n    }\r\n\t\r\n\t/**\r\n     * @notice Verify that the DApp is ready\r\n\t * @dev \r\n\t\t\tSince iterating through the devApprovals array costs gas\r\n\t\t\tand the functions with the DAppOnline modifier are going\r\n\t\t\tto be repetitively used, it is better to store the DApp\r\n\t\t\tstate in a variable that needs to be altered once.\r\n\t */\r\n    function isDAppReady() external isAdmin {\r\n        uint8 numOfApprovals = 0;\r\n        for (uint i = 0; i < devApprovals.length; i++) {\r\n            if (devApprovals[i]) {\r\n                numOfApprovals++;\r\n            }\r\n        }\r\n        DAppReady = (numOfApprovals>=2);\r\n    }\r\n    \r\n\t/**\r\n\t * @notice Rise or lower user bank balance - Backend Function\r\n\t * @dev \r\n\t        This allows real-time adjustment of the balance a user has within the Casino to\r\n\t\t\trepresent earnings and losses. Underflow impossible since only bets can lower the\r\n\t\t\tbalance.\r\n\t * @param _toAlter The address whose Casino balance to alter\r\n\t * @param _amount The amount to alter it by\r\n\t */\r\n    function alterBankBalance(address _toAlter, uint256 _amount, bool sign) external DAppOnline isAdmin {\r\n        if (sign && (_amount+allowed[selfAddress][_toAlter]) > allowed[selfAddress][_toAlter]) {\r\n\t\t\tallowed[selfAddress][_toAlter] = _amount + allowed[selfAddress][_toAlter];\r\n\t\t\tApproval(selfAddress, _toAlter, allowed[selfAddress][_toAlter]);\r\n        } else {\r\n            allowed[selfAddress][_toAlter] = safeSub(allowed[selfAddress][_toAlter], _amount);\r\n\t\t\tApproval(selfAddress, _toAlter, allowed[selfAddress][_toAlter]);\r\n        }\r\n    }\r\n    \r\n\t/**\r\n\t * @notice Freeze user during platform use - Backend Function\r\n\t * @dev Prevents against the ERC-20 race attack on the Casino\r\n\t * @param _user The user to freeze\r\n\t */\r\n    function loginUser(address _user) external DAppOnline isAdmin {\r\n        freezeUser[_user] = true;\r\n    }\r\n\t\r\n\t/**\r\n\t * @notice De-Freeze user - Backend Function\r\n     * @dev Used when a user logs out or loses connection with the DApp\r\n\t * @param _user The user to de-freeze\r\n\t */\r\n\tfunction logoutUser(address _user) external DAppOnline isAdmin {\r\n\t\tfreezeUser[_user] = false;\r\n\t}\r\n    \r\n    /**\r\n\t * @notice Fallback function \r\n\t * @dev Triggered when Ether is sent to the contract. Throws intentionally to refund the sender.\r\n\t */\r\n    function() payable {\r\n\t\trevert();\r\n    }\r\n\t\r\n\t/**\r\n\t * @notice Purchase WBC Tokens for Address - ICO\r\n\t * @param _recipient The recipient of the WBC tokens\r\n\t */\r\n\tfunction buyTokensForAddress(address _recipient) external payable {\r\n        totalFunds = totalFunds + msg.value;\r\n        require(msg.value > 0);\r\n\t\trequire(_recipient != admin);\r\n\t\trequire((totalFunds/1 ether)*pricePerEther < 6000000000);\r\n        addUser(_recipient);\r\n        bytes memory empty;\r\n\t\tuint tokenAmount = calculateTokenAmount(msg.value);\r\n\t\tbalances[selfAddress] = balances[selfAddress] - tokenAmount;\r\n\t\tassert(balances[selfAddress] >= 50000000000000);\r\n        balances[_recipient] = balances[_recipient] + tokenAmount;\r\n        Transfer(selfAddress, _recipient, tokenAmount, empty);\r\n        address etherTransfer = 0x166Cb48973C2447dafFA8EFd3526da18076088de;\r\n        etherTransfer.transfer(msg.value);\r\n    }\r\n\t\r\n\t/**\r\n\t * @notice Purchase WBC Tokens for Self - ICO\r\n\t */\r\n\tfunction buyTokensForSelf() external payable {\r\n        totalFunds = totalFunds + msg.value;\r\n\t\taddress etherTransfer = 0x166Cb48973C2447dafFA8EFd3526da18076088de;\r\n        require(msg.value > 0);\r\n\t\trequire(msg.sender != etherTransfer);\r\n\t\trequire((totalFunds/1 ether)*pricePerEther < 6000000000);\r\n        addUser(msg.sender);\r\n        bytes memory empty;\r\n\t\tuint tokenAmount = calculateTokenAmount(msg.value);\r\n\t\tbalances[selfAddress] = balances[selfAddress] - tokenAmount;\r\n\t\tassert(balances[selfAddress] >= 50000000000000);\r\n        balances[msg.sender] = balances[msg.sender] + tokenAmount;\r\n        Transfer(selfAddress, msg.sender, tokenAmount, empty);\r\n        etherTransfer.transfer(msg.value);\r\n    }\r\n}",
  "ABI": "[{\"constant\":true,\"inputs\":[],\"name\":\"name\",\"outputs\":[{\"name\":\"_name\",\"type\":\"string\"}],\"payable\":false,\"stateMutability\":\"view\",\"type\":\"function\"},{\"constant\":false,\"inputs\":[{\"name\":\"_spender\",\"type\":\"address\"},{\"name\":\"_value\",\"type\":\"uint256\"}],\"name\":\"approve\",\"outputs\":[],\"payable\":false,\"stateMutability\":\"nonpayable\",\"type\":\"function\"},{\"constant\":false,\"inputs\":[{\"name\":\"_user\",\"type\":\"address\"}],\"name\":\"logoutUser\",\"outputs\":[],\"payable\":false,\"stateMutability\":\"nonpayable\",\"type\":\"function\"},{\"constant\":true,\"inputs\":[],\"name\":\"splitInService\",\"outputs\":[{\"name\":\"\",\"type\":\"bool\"}],\"payable\":false,\"stateMutability\":\"view\",\"type\":\"function\"},{\"constant\":false,\"inputs\":[],\"name\":\"splitProfits\",\"outputs\":[],\"payable\":false,\"stateMutability\":\"nonpayable\",\"type\":\"function\"},{\"constant\":true,\"inputs\":[],\"name\":\"selfAddress\",\"outputs\":[{\"name\":\"\",\"type\":\"address\"}],\"payable\":false,\"stateMutability\":\"view\",\"type\":\"function\"},{\"constant\":false,\"inputs\":[{\"name\":\"_toAlter\",\"type\":\"address\"},{\"name\":\"_amount\",\"type\":\"uint256\"},{\"name\":\"sign\",\"type\":\"bool\"}],\"name\":\"alterBankBalance\",\"outputs\":[],\"payable\":false,\"stateMutability\":\"nonpayable\",\"type\":\"function\"},{\"constant\":true,\"inputs\":[],\"name\":\"totalSupply\",\"outputs\":[{\"name\":\"_totalSupply\",\"type\":\"uint256\"}],\"payable\":false,\"stateMutability\":\"view\",\"type\":\"function\"},{\"constant\":false,\"inputs\":[{\"name\":\"_from\",\"type\":\"address\"},{\"name\":\"_to\",\"type\":\"address\"},{\"name\":\"_value\",\"type\":\"uint256\"}],\"name\":\"transferFrom\",\"outputs\":[],\"payable\":false,\"stateMutability\":\"nonpayable\",\"type\":\"function\"},{\"constant\":false,\"inputs\":[],\"name\":\"emergencyThaw\",\"outputs\":[],\"payable\":false,\"stateMutability\":\"nonpayable\",\"type\":\"function\"},{\"constant\":true,\"inputs\":[],\"name\":\"decimals\",\"outputs\":[{\"name\":\"_decimals\",\"type\":\"uint8\"}],\"payable\":false,\"stateMutability\":\"view\",\"type\":\"function\"},{\"constant\":true,\"inputs\":[],\"name\":\"isFrozen\",\"outputs\":[{\"name\":\"\",\"type\":\"bool\"}],\"payable\":false,\"stateMutability\":\"view\",\"type\":\"function\"},{\"constant\":true,\"inputs\":[{\"name\":\"_owner\",\"type\":\"address\"}],\"name\":\"checkMonthlyLimit\",\"outputs\":[{\"name\":\"remaining\",\"type\":\"uint256\"}],\"payable\":false,\"stateMutability\":\"view\",\"type\":\"function\"},{\"constant\":false,\"inputs\":[{\"name\":\"_recipient\",\"type\":\"address\"}],\"name\":\"buyTokensForAddress\",\"outputs\":[],\"payable\":true,\"stateMutability\":\"payable\",\"type\":\"function\"},{\"constant\":true,\"inputs\":[],\"name\":\"pricePerEther\",\"outputs\":[{\"name\":\"\",\"type\":\"uint256\"}],\"payable\":false,\"stateMutability\":\"view\",\"type\":\"function\"},{\"constant\":false,\"inputs\":[{\"name\":\"_spender\",\"type\":\"address\"},{\"name\":\"_value\",\"type\":\"uint256\"},{\"name\":\"_cooldown\",\"type\":\"uint256\"}],\"name\":\"approve\",\"outputs\":[],\"payable\":false,\"stateMutability\":\"nonpayable\",\"type\":\"function\"},{\"constant\":false,\"inputs\":[],\"name\":\"assureDAppIsReady\",\"outputs\":[],\"payable\":false,\"stateMutability\":\"nonpayable\",\"type\":\"function\"},{\"constant\":true,\"inputs\":[],\"name\":\"relativeDateSave\",\"outputs\":[{\"name\":\"\",\"type\":\"uint256\"}],\"payable\":false,\"stateMutability\":\"view\",\"type\":\"function\"},{\"constant\":false,\"inputs\":[{\"name\":\"_user\",\"type\":\"address\"}],\"name\":\"loginUser\",\"outputs\":[],\"payable\":false,\"stateMutability\":\"nonpayable\",\"type\":\"function\"},{\"constant\":true,\"inputs\":[{\"name\":\"_owner\",\"type\":\"address\"}],\"name\":\"balanceOf\",\"outputs\":[{\"name\":\"balance\",\"type\":\"uint256\"}],\"payable\":false,\"stateMutability\":\"view\",\"type\":\"function\"},{\"constant\":false,\"inputs\":[],\"name\":\"buyTokensForSelf\",\"outputs\":[],\"payable\":true,\"stateMutability\":\"payable\",\"type\":\"function\"},{\"constant\":false,\"inputs\":[],\"name\":\"emergencySplitToggle\",\"outputs\":[],\"payable\":false,\"stateMutability\":\"nonpayable\",\"type\":\"function\"},{\"constant\":true,\"inputs\":[],\"name\":\"symbol\",\"outputs\":[{\"name\":\"_symbol\",\"type\":\"string\"}],\"payable\":false,\"stateMutability\":\"view\",\"type\":\"function\"},{\"constant\":true,\"inputs\":[],\"name\":\"totalFunds\",\"outputs\":[{\"name\":\"\",\"type\":\"uint256\"}],\"payable\":false,\"stateMutability\":\"view\",\"type\":\"function\"},{\"constant\":true,\"inputs\":[],\"name\":\"DAppReady\",\"outputs\":[{\"name\":\"\",\"type\":\"bool\"}],\"payable\":false,\"stateMutability\":\"view\",\"type\":\"function\"},{\"constant\":false,\"inputs\":[{\"name\":\"_to\",\"type\":\"address\"},{\"name\":\"_value\",\"type\":\"uint256\"}],\"name\":\"transfer\",\"outputs\":[{\"name\":\"success\",\"type\":\"bool\"}],\"payable\":false,\"stateMutability\":\"nonpayable\",\"type\":\"function\"},{\"constant\":false,\"inputs\":[{\"name\":\"newPrice\",\"type\":\"uint256\"},{\"name\":\"TLSNotaryProof\",\"type\":\"string\"}],\"name\":\"setPriceOfEther\",\"outputs\":[],\"payable\":false,\"stateMutability\":\"nonpayable\",\"type\":\"function\"},{\"constant\":false,\"inputs\":[{\"name\":\"_to\",\"type\":\"address\"},{\"name\":\"_value\",\"type\":\"uint256\"},{\"name\":\"_data\",\"type\":\"bytes\"}],\"name\":\"transfer\",\"outputs\":[{\"name\":\"success\",\"type\":\"bool\"}],\"payable\":false,\"stateMutability\":\"nonpayable\",\"type\":\"function\"},{\"constant\":false,\"inputs\":[{\"name\":\"_sender\",\"type\":\"address\"},{\"name\":\"_value\",\"type\":\"uint256\"},{\"name\":\"_data\",\"type\":\"bytes\"}],\"name\":\"tokenFallback\",\"outputs\":[],\"payable\":false,\"stateMutability\":\"nonpayable\",\"type\":\"function\"},{\"constant\":true,\"inputs\":[],\"name\":\"getPricePerToken\",\"outputs\":[{\"name\":\"price\",\"type\":\"uint256\"}],\"payable\":false,\"stateMutability\":\"view\",\"type\":\"function\"},{\"constant\":true,\"inputs\":[{\"name\":\"_allower\",\"type\":\"address\"},{\"name\":\"_allowee\",\"type\":\"address\"}],\"name\":\"checkCooldown\",\"outputs\":[{\"name\":\"remaining\",\"type\":\"uint256\"}],\"payable\":false,\"stateMutability\":\"view\",\"type\":\"function\"},{\"constant\":false,\"inputs\":[],\"name\":\"isDAppReady\",\"outputs\":[],\"payable\":false,\"stateMutability\":\"nonpayable\",\"type\":\"function\"},{\"constant\":true,\"inputs\":[{\"name\":\"_owner\",\"type\":\"address\"},{\"name\":\"_spender\",\"type\":\"address\"}],\"name\":\"allowance\",\"outputs\":[{\"name\":\"remaining\",\"type\":\"uint256\"}],\"payable\":false,\"stateMutability\":\"view\",\"type\":\"function\"},{\"constant\":false,\"inputs\":[{\"name\":\"_token\",\"type\":\"address\"}],\"name\":\"claimTokens\",\"outputs\":[],\"payable\":false,\"stateMutability\":\"nonpayable\",\"type\":\"function\"},{\"constant\":false,\"inputs\":[],\"name\":\"emergencyFreeze\",\"outputs\":[],\"payable\":false,\"stateMutability\":\"nonpayable\",\"type\":\"function\"},{\"constant\":true,\"inputs\":[],\"name\":\"admin\",\"outputs\":[{\"name\":\"\",\"type\":\"address\"}],\"payable\":false,\"stateMutability\":\"view\",\"type\":\"function\"},{\"constant\":false,\"inputs\":[],\"name\":\"ICOSplit\",\"outputs\":[],\"payable\":false,\"stateMutability\":\"nonpayable\",\"type\":\"function\"},{\"inputs\":[],\"payable\":false,\"stateMutability\":\"nonpayable\",\"type\":\"constructor\"},{\"payable\":true,\"stateMutability\":\"payable\",\"type\":\"fallback\"},{\"anonymous\":false,\"inputs\":[{\"indexed\":true,\"name\":\"_from\",\"type\":\"address\"},{\"indexed\":true,\"name\":\"_to\",\"type\":\"address\"},{\"indexed\":false,\"name\":\"_value\",\"type\":\"uint256\"},{\"indexed\":false,\"name\":\"_data\",\"type\":\"bytes\"}],\"name\":\"Transfer\",\"type\":\"event\"},{\"anonymous\":false,\"inputs\":[{\"indexed\":true,\"name\":\"_owner\",\"type\":\"address\"},{\"indexed\":true,\"name\":\"_spender\",\"type\":\"address\"},{\"indexed\":false,\"name\":\"_value\",\"type\":\"uint256\"}],\"name\":\"Approval\",\"type\":\"event\"},{\"anonymous\":false,\"inputs\":[{\"indexed\":true,\"name\":\"_from\",\"type\":\"address\"},{\"indexed\":false,\"name\":\"_proof\",\"type\":\"string\"}],\"name\":\"CurrentTLSNProof\",\"type\":\"event\"}]",
  "ContractName": "WeBetCrypto",
  "CompilerVersion": "v0.4.16+commit.d7661dd9",
  "CompilerType": "solc",
  "OptimizationUsed": "0",
  "Runs": "200",
  "ConstructorArguments": "",
  "EVMVersion": "Default",
  "Library": "",
  "ContractFileName": "",
  "LicenseType": "",
  "Proxy": "0",
  "Implementation": "",
  "SwarmSource": "bzzr://7bcdd5da2af8f67cf6fbf838302c016ac21d382bb607aa0c8cca8652b3916c67",
  "SimilarMatch": ""
}