{
  "SourceCode": "pragma solidity ^0.4.8;\r\ncontract tokenRecipient { function receiveApproval(address _from, uint256 _value, address _token, bytes _extraData); }\r\n\r\ncontract GoodBit {\r\n    /* Public variables of the token */\r\n    string public standard = 'GoodBit 0.1';\r\n    string public name;\r\n    string public symbol;\r\n    uint8 public decimals;\r\n    uint256 public totalSupply;\r\n\r\n    /* This creates an array with all balances */\r\n    mapping (address => uint256) public balanceOf;\r\n    mapping (address => mapping (address => uint256)) public allowance;\r\n\r\n    /* This generates a public event on the blockchain that will notify clients */\r\n    event Transfer(address indexed from, address indexed to, uint256 value);\r\n\r\n    /* This notifies clients about the amount burnt */\r\n    event Burn(address indexed from, uint256 value);\r\n\r\n    /* Initializes contract with initial supply tokens to the creator of the contract */\r\n    function GoodBit() {\r\n        balanceOf[msg.sender] = 100000000 * 1000000000000000000;              // Give the creator all initial tokens\r\n        totalSupply = 100000000 * 1000000000000000000;                        // Update total supply\r\n        name = \"GoodBit\";                                   // Set the name for display purposes\r\n        symbol = \"GDB\";                               // Set the symbol for display purposes\r\n        decimals = 18;                            // Amount of decimals for display purposes\r\n    }\r\n\r\n    /* Send coins */\r\n    function transfer(address _to, uint256 _value) {\r\n        if (_to == 0x0) throw;                               // Prevent transfer to 0x0 address. Use burn() instead\r\n        if (balanceOf[msg.sender] < _value) throw;           // Check if the sender has enough\r\n        if (balanceOf[_to] + _value < balanceOf[_to]) throw; // Check for overflows\r\n        balanceOf[msg.sender] -= _value;                     // Subtract from the sender\r\n        balanceOf[_to] += _value;                            // Add the same to the recipient\r\n        Transfer(msg.sender, _to, _value);                   // Notify anyone listening that this transfer took place\r\n    }\r\n\r\n    /* Allow another contract to spend some tokens in your behalf */\r\n    function approve(address _spender, uint256 _value)\r\n        returns (bool success) {\r\n        allowance[msg.sender][_spender] = _value;\r\n        return true;\r\n    }\r\n\r\n    /* Approve and then communicate the approved contract in a single tx */\r\n    function approveAndCall(address _spender, uint256 _value, bytes _extraData)\r\n        returns (bool success) {\r\n        tokenRecipient spender = tokenRecipient(_spender);\r\n        if (approve(_spender, _value)) {\r\n            spender.receiveApproval(msg.sender, _value, this, _extraData);\r\n            return true;\r\n        }\r\n    }        \r\n\r\n    /* A contract attempts to get the coins */\r\n    function transferFrom(address _from, address _to, uint256 _value) returns (bool success) {\r\n        if (_to == 0x0) throw;                                // Prevent transfer to 0x0 address. Use burn() instead\r\n        if (balanceOf[_from] < _value) throw;                 // Check if the sender has enough\r\n        if (balanceOf[_to] + _value < balanceOf[_to]) throw;  // Check for overflows\r\n        if (_value > allowance[_from][msg.sender]) throw;     // Check allowance\r\n        balanceOf[_from] -= _value;                           // Subtract from the sender\r\n        balanceOf[_to] += _value;                             // Add the same to the recipient\r\n        allowance[_from][msg.sender] -= _value;\r\n        Transfer(_from, _to, _value);\r\n        return true;\r\n    }\r\n\r\n    function burn(uint256 _value) returns (bool success) {\r\n        if (balanceOf[msg.sender] < _value) throw;            // Check if the sender has enough\r\n        balanceOf[msg.sender] -= _value;                      // Subtract from the sender\r\n        totalSupply -= _value;                                // Updates totalSupply\r\n        Burn(msg.sender, _value);\r\n        return true;\r\n    }\r\n\r\n    function burnFrom(address _from, uint256 _value) returns (bool success) {\r\n        if (balanceOf[_from] < _value) throw;                // Check if the sender has enough\r\n        if (_value > allowance[_from][msg.sender]) throw;    // Check allowance\r\n        balanceOf[_from] -= _value;                          // Subtract from the sender\r\n        totalSupply -= _value;                               // Updates totalSupply\r\n        Burn(_from, _value);\r\n        return true;\r\n    }\r\n}",
  "ABI": "[{\"constant\":true,\"inputs\":[],\"name\":\"name\",\"outputs\":[{\"name\":\"\",\"type\":\"string\"}],\"payable\":false,\"type\":\"function\"},{\"constant\":false,\"inputs\":[{\"name\":\"_spender\",\"type\":\"address\"},{\"name\":\"_value\",\"type\":\"uint256\"}],\"name\":\"approve\",\"outputs\":[{\"name\":\"success\",\"type\":\"bool\"}],\"payable\":false,\"type\":\"function\"},{\"constant\":true,\"inputs\":[],\"name\":\"totalSupply\",\"outputs\":[{\"name\":\"\",\"type\":\"uint256\"}],\"payable\":false,\"type\":\"function\"},{\"constant\":false,\"inputs\":[{\"name\":\"_from\",\"type\":\"address\"},{\"name\":\"_to\",\"type\":\"address\"},{\"name\":\"_value\",\"type\":\"uint256\"}],\"name\":\"transferFrom\",\"outputs\":[{\"name\":\"success\",\"type\":\"bool\"}],\"payable\":false,\"type\":\"function\"},{\"constant\":true,\"inputs\":[],\"name\":\"decimals\",\"outputs\":[{\"name\":\"\",\"type\":\"uint8\"}],\"payable\":false,\"type\":\"function\"},{\"constant\":false,\"inputs\":[{\"name\":\"_value\",\"type\":\"uint256\"}],\"name\":\"burn\",\"outputs\":[{\"name\":\"success\",\"type\":\"bool\"}],\"payable\":false,\"type\":\"function\"},{\"constant\":true,\"inputs\":[],\"name\":\"standard\",\"outputs\":[{\"name\":\"\",\"type\":\"string\"}],\"payable\":false,\"type\":\"function\"},{\"constant\":true,\"inputs\":[{\"name\":\"\",\"type\":\"address\"}],\"name\":\"balanceOf\",\"outputs\":[{\"name\":\"\",\"type\":\"uint256\"}],\"payable\":false,\"type\":\"function\"},{\"constant\":false,\"inputs\":[{\"name\":\"_from\",\"type\":\"address\"},{\"name\":\"_value\",\"type\":\"uint256\"}],\"name\":\"burnFrom\",\"outputs\":[{\"name\":\"success\",\"type\":\"bool\"}],\"payable\":false,\"type\":\"function\"},{\"constant\":true,\"inputs\":[],\"name\":\"symbol\",\"outputs\":[{\"name\":\"\",\"type\":\"string\"}],\"payable\":false,\"type\":\"function\"},{\"constant\":false,\"inputs\":[{\"name\":\"_to\",\"type\":\"address\"},{\"name\":\"_value\",\"type\":\"uint256\"}],\"name\":\"transfer\",\"outputs\":[],\"payable\":false,\"type\":\"function\"},{\"constant\":false,\"inputs\":[{\"name\":\"_spender\",\"type\":\"address\"},{\"name\":\"_value\",\"type\":\"uint256\"},{\"name\":\"_extraData\",\"type\":\"bytes\"}],\"name\":\"approveAndCall\",\"outputs\":[{\"name\":\"success\",\"type\":\"bool\"}],\"payable\":false,\"type\":\"function\"},{\"constant\":true,\"inputs\":[{\"name\":\"\",\"type\":\"address\"},{\"name\":\"\",\"type\":\"address\"}],\"name\":\"allowance\",\"outputs\":[{\"name\":\"\",\"type\":\"uint256\"}],\"payable\":false,\"type\":\"function\"},{\"inputs\":[],\"payable\":false,\"type\":\"constructor\"},{\"anonymous\":false,\"inputs\":[{\"indexed\":true,\"name\":\"from\",\"type\":\"address\"},{\"indexed\":true,\"name\":\"to\",\"type\":\"address\"},{\"indexed\":false,\"name\":\"value\",\"type\":\"uint256\"}],\"name\":\"Transfer\",\"type\":\"event\"},{\"anonymous\":false,\"inputs\":[{\"indexed\":true,\"name\":\"from\",\"type\":\"address\"},{\"indexed\":false,\"name\":\"value\",\"type\":\"uint256\"}],\"name\":\"Burn\",\"type\":\"event\"}]",
  "ContractName": "GoodBit",
  "CompilerVersion": "v0.4.11+commit.68ef5810",
  "CompilerType": "solc",
  "OptimizationUsed": "1",
  "Runs": "200",
  "ConstructorArguments": "",
  "EVMVersion": "Default",
  "Library": "",
  "ContractFileName": "",
  "LicenseType": "",
  "Proxy": "0",
  "Implementation": "",
  "SwarmSource": "bzzr://547c7dc0eda66f25e152614cc113bd3fef996edb7dc20cb0e71dbaf9c474a6dc",
  "SimilarMatch": ""
}