{
  "SourceCode": "pragma solidity ^0.4.18;\r\nlibrary SafeMath {\r\n    function mul(uint256 a, uint256 b) internal pure returns (uint256) {\r\n        uint256 c = a * b;\r\n        assert(a == 0 || c / a == b);\r\n        return c;\r\n    }\r\n\r\n    function div(uint256 a, uint256 b) internal pure returns (uint256) {\r\n        // assert(b > 0); // Solidity automatically throws when dividing by 0\r\n        uint256 c = a / b;\r\n        // assert(a == b * c + a % b); // There is no case in which this doesn't hold\r\n        return c;\r\n    }\r\n\r\n    function sub(uint256 a, uint256 b) internal pure returns (uint256) {\r\n        assert(b <= a);\r\n        return a - b;\r\n    }\r\n\r\n    function add(uint256 a, uint256 b) internal pure returns (uint256) {\r\n        uint256 c = a + b;\r\n        assert(c >= a);\r\n        return c;\r\n    }\r\n\r\n    function max64(uint64 a, uint64 b) internal pure returns (uint64) {\r\n        return a >= b ? a : b;\r\n    }\r\n\r\n    function min64(uint64 a, uint64 b) internal pure returns (uint64) {\r\n        return a < b ? a : b;\r\n    }\r\n\r\n    function max256(uint256 a, uint256 b) internal pure returns (uint256) {\r\n        return a >= b ? a : b;\r\n    }\r\n\r\n    function min256(uint256 a, uint256 b) internal pure returns (uint256) {\r\n        return a < b ? a : b;\r\n    }\r\n\r\n}\r\ncontract Ownable {\r\n    address public owner;\r\n    function Ownable() public {\r\n        owner = msg.sender;\r\n    }\r\n\r\n    modifier onlyOwner() {\r\n        if (msg.sender != owner) {\r\n            revert();\r\n        }\r\n        _;\r\n    }\r\n\r\n    function transferOwnership(address newOwner) public onlyOwner {\r\n        if (newOwner != address(0)) {\r\n            owner = newOwner;\r\n        }\r\n    }\r\n\r\n    function destruct() public onlyOwner {\r\n        selfdestruct(owner);\r\n    }\r\n}\r\ncontract ERC20Basic {\r\n    function balanceOf(address who) public constant returns (uint256);\r\n    function transfer(address to, uint256 value) public;\r\n    event Transfer(address indexed from, address indexed to, uint256 value);\r\n}\r\ncontract ERC20 is ERC20Basic {\r\n    function allowance(address owner, address spender) public constant returns (uint256);\r\n    function transferFrom(address from, address to, uint256 value) public;\r\n    function approve(address spender, uint256 value) public;\r\n    event Approval(address indexed owner, address indexed spender, uint256 value);\r\n}\r\ncontract BasicToken is ERC20Basic {\r\n    using SafeMath for uint256;\r\n\r\n    mapping(address => uint256) balances;\r\n    uint256 public totalSupply;\r\n\r\n    modifier onlyPayloadSize(uint256 size) {\r\n        if(msg.data.length < size + 4) {\r\n            revert();\r\n        }\r\n        _;\r\n    }\r\n\r\n    function transfer(address _to, uint256 _value) public onlyPayloadSize(2 * 32) {\r\n        balances[msg.sender] = balances[msg.sender].sub(_value);\r\n        balances[_to] = balances[_to].add(_value);\r\n        Transfer(msg.sender, _to, _value);\r\n    }\r\n\r\n    function balanceOf(address _owner) public constant returns (uint256 balance) {\r\n        return balances[_owner];\r\n    }\r\n\r\n}\r\ncontract StandardToken is BasicToken, ERC20 {\r\n\r\n    mapping (address => mapping (address => uint256)) allowed;\r\n\r\n    function transferFrom(address _from, address _to, uint256 _value) public onlyPayloadSize(3 * 32) {\r\n        var _allowance = allowed[_from][msg.sender];\r\n        balances[_to] = balances[_to].add(_value);\r\n        balances[_from] = balances[_from].sub(_value);\r\n        allowed[_from][msg.sender] = _allowance.sub(_value);\r\n        Transfer(_from, _to, _value);\r\n    }\r\n\r\n    function approve(address _spender, uint256 _value) public {\r\n        if ((_value != 0) && (allowed[msg.sender][_spender] != 0)) revert();\r\n\r\n        allowed[msg.sender][_spender] = _value;\r\n        Approval(msg.sender, _spender, _value);\r\n    }\r\n\r\n    function allowance(address _owner, address _spender) public constant returns (uint256 remaining) {\r\n        return allowed[_owner][_spender];\r\n    }\r\n}\r\ncontract FMLY is StandardToken, Ownable {\r\n\r\n    string public constant name = \"Family(\u5bb6\u5b9d\u91d1)\";\r\n    string public constant symbol = \"FMLY\";\r\n    uint256 public constant decimals = 8;\r\n\r\n    function FMLY() public {\r\n        owner = msg.sender;\r\n        totalSupply=8100000000000000;\r\n        balances[owner]=totalSupply;\r\n    }\r\n\r\n    function () public {\r\n        revert();\r\n    }\r\n}",
  "ABI": "[{\"constant\":true,\"inputs\":[],\"name\":\"name\",\"outputs\":[{\"name\":\"\",\"type\":\"string\"}],\"payable\":false,\"stateMutability\":\"view\",\"type\":\"function\"},{\"constant\":false,\"inputs\":[{\"name\":\"_spender\",\"type\":\"address\"},{\"name\":\"_value\",\"type\":\"uint256\"}],\"name\":\"approve\",\"outputs\":[],\"payable\":false,\"stateMutability\":\"nonpayable\",\"type\":\"function\"},{\"constant\":true,\"inputs\":[],\"name\":\"totalSupply\",\"outputs\":[{\"name\":\"\",\"type\":\"uint256\"}],\"payable\":false,\"stateMutability\":\"view\",\"type\":\"function\"},{\"constant\":false,\"inputs\":[{\"name\":\"_from\",\"type\":\"address\"},{\"name\":\"_to\",\"type\":\"address\"},{\"name\":\"_value\",\"type\":\"uint256\"}],\"name\":\"transferFrom\",\"outputs\":[],\"payable\":false,\"stateMutability\":\"nonpayable\",\"type\":\"function\"},{\"constant\":false,\"inputs\":[],\"name\":\"destruct\",\"outputs\":[],\"payable\":false,\"stateMutability\":\"nonpayable\",\"type\":\"function\"},{\"constant\":true,\"inputs\":[],\"name\":\"decimals\",\"outputs\":[{\"name\":\"\",\"type\":\"uint256\"}],\"payable\":false,\"stateMutability\":\"view\",\"type\":\"function\"},{\"constant\":true,\"inputs\":[{\"name\":\"_owner\",\"type\":\"address\"}],\"name\":\"balanceOf\",\"outputs\":[{\"name\":\"balance\",\"type\":\"uint256\"}],\"payable\":false,\"stateMutability\":\"view\",\"type\":\"function\"},{\"constant\":true,\"inputs\":[],\"name\":\"owner\",\"outputs\":[{\"name\":\"\",\"type\":\"address\"}],\"payable\":false,\"stateMutability\":\"view\",\"type\":\"function\"},{\"constant\":true,\"inputs\":[],\"name\":\"symbol\",\"outputs\":[{\"name\":\"\",\"type\":\"string\"}],\"payable\":false,\"stateMutability\":\"view\",\"type\":\"function\"},{\"constant\":false,\"inputs\":[{\"name\":\"_to\",\"type\":\"address\"},{\"name\":\"_value\",\"type\":\"uint256\"}],\"name\":\"transfer\",\"outputs\":[],\"payable\":false,\"stateMutability\":\"nonpayable\",\"type\":\"function\"},{\"constant\":true,\"inputs\":[{\"name\":\"_owner\",\"type\":\"address\"},{\"name\":\"_spender\",\"type\":\"address\"}],\"name\":\"allowance\",\"outputs\":[{\"name\":\"remaining\",\"type\":\"uint256\"}],\"payable\":false,\"stateMutability\":\"view\",\"type\":\"function\"},{\"constant\":false,\"inputs\":[{\"name\":\"newOwner\",\"type\":\"address\"}],\"name\":\"transferOwnership\",\"outputs\":[],\"payable\":false,\"stateMutability\":\"nonpayable\",\"type\":\"function\"},{\"inputs\":[],\"payable\":false,\"stateMutability\":\"nonpayable\",\"type\":\"constructor\"},{\"payable\":false,\"stateMutability\":\"nonpayable\",\"type\":\"fallback\"},{\"anonymous\":false,\"inputs\":[{\"indexed\":true,\"name\":\"owner\",\"type\":\"address\"},{\"indexed\":true,\"name\":\"spender\",\"type\":\"address\"},{\"indexed\":false,\"name\":\"value\",\"type\":\"uint256\"}],\"name\":\"Approval\",\"type\":\"event\"},{\"anonymous\":false,\"inputs\":[{\"indexed\":true,\"name\":\"from\",\"type\":\"address\"},{\"indexed\":true,\"name\":\"to\",\"type\":\"address\"},{\"indexed\":false,\"name\":\"value\",\"type\":\"uint256\"}],\"name\":\"Transfer\",\"type\":\"event\"}]",
  "ContractName": "FMLY",
  "CompilerVersion": "v0.4.19+commit.c4cbbb05",
  "CompilerType": "solc",
  "OptimizationUsed": "0",
  "Runs": "200",
  "ConstructorArguments": "",
  "EVMVersion": "Default",
  "Library": "",
  "ContractFileName": "",
  "LicenseType": "",
  "Proxy": "0",
  "Implementation": "",
  "SwarmSource": "bzzr://2c50172b8c219466f68798d5edef03bcfa5394e509362e4e921d0e0581b70efc",
  "SimilarMatch": ""
}