{
  "SourceCode": "pragma solidity ^0.4.11;\r\n\r\n\tcontract MarketMaker {\r\n\r\n\tstring public name;\r\n\tstring public symbol;\r\n\tuint256 public decimals;\r\n\t\r\n\tuint256 public totalSupply;\r\n\r\n\tmapping (address => uint256) public balanceOf;\r\n\tmapping (address => mapping(address=>uint256)) public allowance;\r\n\r\n\tevent Transfer(address from, address to, uint256 value);\r\n\tevent Approval(address from, address to, uint256 value);\r\n\r\n\tfunction MarketMaker(){\r\n\t\t\r\n\t\tdecimals = 0;\r\n\t\ttotalSupply = 1000000;\r\n\r\n\t\tbalanceOf[msg.sender] = totalSupply;\r\n\t\tname = \"MarketMaker\";\r\n\t\tsymbol = \"MMC2\";\r\n\r\n\t}\r\n\r\n\r\n\r\n\r\n\tfunction _transfer(address _from, address _to, uint256 _value) internal {\r\n\t\trequire(_to != 0x0);\r\n\t\trequire(balanceOf[_from] >= _value);\r\n\t\trequire(balanceOf[_to] + _value >= balanceOf[_to]);\r\n\r\n\t\tbalanceOf[_to] += _value;\r\n\t\tbalanceOf[_from] -= _value;\r\n\r\n\t\tTransfer(_from, _to, _value);\t\r\n\r\n\t}\r\n\r\n\tfunction transfer(address _to, uint256 _value) public {\r\n\t\t_transfer(msg.sender, _to, _value);\r\n\r\n\t}\r\n\t\r\n\tfunction transferFrom(address _from, address _to, uint256 _value) public {\r\n\t\trequire(_value <= allowance[_from] [_to]);\r\n\t\tallowance[_from] [_to] -= _value;\r\n\t\t_transfer(_from, _to, _value);\r\n\t}\r\n\t\r\n\tfunction approve(address _to, uint256 _value){\r\n\t\tallowance [msg.sender] [_to] = _value;\r\n\t\tApproval(msg.sender, _to, _value);\r\n\t}\r\n}",
  "ABI": "[{\"constant\":true,\"inputs\":[],\"name\":\"name\",\"outputs\":[{\"name\":\"\",\"type\":\"string\"}],\"payable\":false,\"stateMutability\":\"view\",\"type\":\"function\"},{\"constant\":false,\"inputs\":[{\"name\":\"_to\",\"type\":\"address\"},{\"name\":\"_value\",\"type\":\"uint256\"}],\"name\":\"approve\",\"outputs\":[],\"payable\":false,\"stateMutability\":\"nonpayable\",\"type\":\"function\"},{\"constant\":true,\"inputs\":[],\"name\":\"totalSupply\",\"outputs\":[{\"name\":\"\",\"type\":\"uint256\"}],\"payable\":false,\"stateMutability\":\"view\",\"type\":\"function\"},{\"constant\":false,\"inputs\":[{\"name\":\"_from\",\"type\":\"address\"},{\"name\":\"_to\",\"type\":\"address\"},{\"name\":\"_value\",\"type\":\"uint256\"}],\"name\":\"transferFrom\",\"outputs\":[],\"payable\":false,\"stateMutability\":\"nonpayable\",\"type\":\"function\"},{\"constant\":true,\"inputs\":[],\"name\":\"decimals\",\"outputs\":[{\"name\":\"\",\"type\":\"uint256\"}],\"payable\":false,\"stateMutability\":\"view\",\"type\":\"function\"},{\"constant\":true,\"inputs\":[{\"name\":\"\",\"type\":\"address\"}],\"name\":\"balanceOf\",\"outputs\":[{\"name\":\"\",\"type\":\"uint256\"}],\"payable\":false,\"stateMutability\":\"view\",\"type\":\"function\"},{\"constant\":true,\"inputs\":[],\"name\":\"symbol\",\"outputs\":[{\"name\":\"\",\"type\":\"string\"}],\"payable\":false,\"stateMutability\":\"view\",\"type\":\"function\"},{\"constant\":false,\"inputs\":[{\"name\":\"_to\",\"type\":\"address\"},{\"name\":\"_value\",\"type\":\"uint256\"}],\"name\":\"transfer\",\"outputs\":[],\"payable\":false,\"stateMutability\":\"nonpayable\",\"type\":\"function\"},{\"constant\":true,\"inputs\":[{\"name\":\"\",\"type\":\"address\"},{\"name\":\"\",\"type\":\"address\"}],\"name\":\"allowance\",\"outputs\":[{\"name\":\"\",\"type\":\"uint256\"}],\"payable\":false,\"stateMutability\":\"view\",\"type\":\"function\"},{\"inputs\":[],\"payable\":false,\"stateMutability\":\"nonpayable\",\"type\":\"constructor\"},{\"anonymous\":false,\"inputs\":[{\"indexed\":false,\"name\":\"from\",\"type\":\"address\"},{\"indexed\":false,\"name\":\"to\",\"type\":\"address\"},{\"indexed\":false,\"name\":\"value\",\"type\":\"uint256\"}],\"name\":\"Transfer\",\"type\":\"event\"},{\"anonymous\":false,\"inputs\":[{\"indexed\":false,\"name\":\"from\",\"type\":\"address\"},{\"indexed\":false,\"name\":\"to\",\"type\":\"address\"},{\"indexed\":false,\"name\":\"value\",\"type\":\"uint256\"}],\"name\":\"Approval\",\"type\":\"event\"}]",
  "ContractName": "MarketMaker",
  "CompilerVersion": "v0.4.18+commit.9cf6e910",
  "CompilerType": "solc",
  "OptimizationUsed": "0",
  "Runs": "200",
  "ConstructorArguments": "",
  "EVMVersion": "Default",
  "Library": "",
  "ContractFileName": "",
  "LicenseType": "",
  "Proxy": "0",
  "Implementation": "",
  "SwarmSource": "bzzr://9a2a94ccdc73cd82b376b7cba1447dcc8bc9edd4829e6be3a1c7f2856c642890",
  "SimilarMatch": ""
}