{
  "SourceCode": "pragma solidity ^0.4.6;\r\n\r\nlibrary SafeMath {\r\n  function mul(uint a, uint b) internal returns (uint) {\r\n    uint c = a * b;\r\n    assert(a == 0 || c / a == b);\r\n    return c;\r\n  }\r\n\r\n  function div(uint a, uint b) internal returns (uint) {\r\n    // assert(b > 0); // Solidity automatically throws when dividing by 0\r\n    uint c = a / b;\r\n    // assert(a == b * c + a % b); // There is no case in which this doesn't hold\r\n    return c;\r\n  }\r\n\r\n  function sub(uint a, uint b) internal returns (uint) {\r\n    assert(b <= a);\r\n    return a - b;\r\n  }\r\n\r\n  function add(uint a, uint b) internal returns (uint) {\r\n    uint c = a + b;\r\n    assert(c >= a);\r\n    return c;\r\n  }\r\n\r\n  function max64(uint64 a, uint64 b) internal constant returns (uint64) {\r\n    return a >= b ? a : b;\r\n  }\r\n\r\n  function min64(uint64 a, uint64 b) internal constant returns (uint64) {\r\n    return a < b ? a : b;\r\n  }\r\n\r\n  function max256(uint256 a, uint256 b) internal constant returns (uint256) {\r\n    return a >= b ? a : b;\r\n  }\r\n\r\n  function min256(uint256 a, uint256 b) internal constant returns (uint256) {\r\n    return a < b ? a : b;\r\n  }\r\n\r\n  function assert(bool assertion) internal {\r\n    if (!assertion) {\r\n      throw;\r\n    }\r\n  }\r\n}\r\n\r\ncontract ERC20Basic {\r\n  uint public totalSupply;\r\n  function balanceOf(address who) constant returns (uint);\r\n  function transfer(address to, uint value);\r\n  event Transfer(address indexed from, address indexed to, uint value);\r\n}\r\n\r\ncontract ERC20 is ERC20Basic {\r\n  function allowance(address owner, address spender) constant returns (uint);\r\n  function transferFrom(address from, address to, uint value);\r\n  function approve(address spender, uint value);\r\n  event Approval(address indexed owner, address indexed spender, uint value);\r\n}\r\n\r\ncontract BasicToken is ERC20Basic {\r\n  using SafeMath for uint;\r\n\r\n  mapping(address => uint) balances;\r\n\r\n  modifier onlyPayloadSize(uint size) {\r\n     if(msg.data.length < size + 4) {\r\n       throw;\r\n     }\r\n     _;\r\n  }\r\n\r\n  /**\r\n  * @dev transfer token for a specified address\r\n  * @param _to The address to transfer to.\r\n  * @param _value The amount to be transferred.\r\n  */\r\n  function transfer(address _to, uint _value) onlyPayloadSize(2 * 32) {\r\n    balances[msg.sender] = balances[msg.sender].sub(_value);\r\n    balances[_to] = balances[_to].add(_value);\r\n    Transfer(msg.sender, _to, _value);\r\n  }\r\n\r\n  /**\r\n  * @dev Gets the balance of the specified address.\r\n  * @param _owner The address to query the the balance of. \r\n  * @return An uint representing the amount owned by the passed address.\r\n  */\r\n  function balanceOf(address _owner) constant returns (uint balance) {\r\n    return balances[_owner];\r\n  }\r\n\r\n}\r\n\r\ncontract StandardToken is BasicToken, ERC20 {\r\n\r\n  mapping (address => mapping (address => uint)) allowed;\r\n\r\n\r\n  /**\r\n   * @dev Transfer tokens from one address to another\r\n   * @param _from address The address which you want to send tokens from\r\n   * @param _to address The address which you want to transfer to\r\n   * @param _value uint the amout of tokens to be transfered\r\n   */\r\n  function transferFrom(address _from, address _to, uint _value) onlyPayloadSize(3 * 32) {\r\n    var _allowance = allowed[_from][msg.sender];\r\n\r\n    // Check is not needed because sub(_allowance, _value) will already throw if this condition is not met\r\n    // if (_value > _allowance) throw;\r\n\r\n    balances[_to] = balances[_to].add(_value);\r\n    balances[_from] = balances[_from].sub(_value);\r\n    allowed[_from][msg.sender] = _allowance.sub(_value);\r\n    Transfer(_from, _to, _value);\r\n  }\r\n\r\n  /**\r\n   * @dev Aprove the passed address to spend the specified amount of tokens on beahlf of msg.sender.\r\n   * @param _spender The address which will spend the funds.\r\n   * @param _value The amount of tokens to be spent.\r\n   */\r\n  function approve(address _spender, uint _value) {\r\n\r\n    // To change the approve amount you first have to reduce the addresses`\r\n    //  allowance to zero by calling `approve(_spender, 0)` if it is not\r\n    //  already 0 to mitigate the race condition described here:\r\n    //  https://github.com/ethereum/EIPs/issues/20#issuecomment-263524729\r\n    if ((_value != 0) && (allowed[msg.sender][_spender] != 0)) throw;\r\n\r\n    allowed[msg.sender][_spender] = _value;\r\n    Approval(msg.sender, _spender, _value);\r\n  }\r\n\r\n  /**\r\n   * @dev Function to check the amount of tokens than an owner allowed to a spender.\r\n   * @param _owner address The address which owns the funds.\r\n   * @param _spender address The address which will spend the funds.\r\n   * @return A uint specifing the amount of tokens still avaible for the spender.\r\n   */\r\n  function allowance(address _owner, address _spender) constant returns (uint remaining) {\r\n    return allowed[_owner][_spender];\r\n  }\r\n\r\n}\r\n\r\ncontract SimpleToken is StandardToken {\r\n\r\n  string public name = \"Retcoin\";\r\n  string public symbol = \"RET\";\r\n  uint public decimals = 3;\r\n  uint public INITIAL_SUPPLY = 100000000000;\r\n\r\n  function SimpleToken() {\r\n    totalSupply = INITIAL_SUPPLY;\r\n    balances[msg.sender] = INITIAL_SUPPLY;\r\n  }\r\n\r\n}",
  "ABI": "[{\"constant\":true,\"inputs\":[],\"name\":\"name\",\"outputs\":[{\"name\":\"\",\"type\":\"string\"}],\"payable\":false,\"type\":\"function\"},{\"constant\":false,\"inputs\":[{\"name\":\"_spender\",\"type\":\"address\"},{\"name\":\"_value\",\"type\":\"uint256\"}],\"name\":\"approve\",\"outputs\":[],\"payable\":false,\"type\":\"function\"},{\"constant\":true,\"inputs\":[],\"name\":\"totalSupply\",\"outputs\":[{\"name\":\"\",\"type\":\"uint256\"}],\"payable\":false,\"type\":\"function\"},{\"constant\":false,\"inputs\":[{\"name\":\"_from\",\"type\":\"address\"},{\"name\":\"_to\",\"type\":\"address\"},{\"name\":\"_value\",\"type\":\"uint256\"}],\"name\":\"transferFrom\",\"outputs\":[],\"payable\":false,\"type\":\"function\"},{\"constant\":true,\"inputs\":[],\"name\":\"INITIAL_SUPPLY\",\"outputs\":[{\"name\":\"\",\"type\":\"uint256\"}],\"payable\":false,\"type\":\"function\"},{\"constant\":true,\"inputs\":[],\"name\":\"decimals\",\"outputs\":[{\"name\":\"\",\"type\":\"uint256\"}],\"payable\":false,\"type\":\"function\"},{\"constant\":true,\"inputs\":[{\"name\":\"_owner\",\"type\":\"address\"}],\"name\":\"balanceOf\",\"outputs\":[{\"name\":\"balance\",\"type\":\"uint256\"}],\"payable\":false,\"type\":\"function\"},{\"constant\":true,\"inputs\":[],\"name\":\"symbol\",\"outputs\":[{\"name\":\"\",\"type\":\"string\"}],\"payable\":false,\"type\":\"function\"},{\"constant\":false,\"inputs\":[{\"name\":\"_to\",\"type\":\"address\"},{\"name\":\"_value\",\"type\":\"uint256\"}],\"name\":\"transfer\",\"outputs\":[],\"payable\":false,\"type\":\"function\"},{\"constant\":true,\"inputs\":[{\"name\":\"_owner\",\"type\":\"address\"},{\"name\":\"_spender\",\"type\":\"address\"}],\"name\":\"allowance\",\"outputs\":[{\"name\":\"remaining\",\"type\":\"uint256\"}],\"payable\":false,\"type\":\"function\"},{\"inputs\":[],\"payable\":false,\"type\":\"constructor\"},{\"anonymous\":false,\"inputs\":[{\"indexed\":true,\"name\":\"owner\",\"type\":\"address\"},{\"indexed\":true,\"name\":\"spender\",\"type\":\"address\"},{\"indexed\":false,\"name\":\"value\",\"type\":\"uint256\"}],\"name\":\"Approval\",\"type\":\"event\"},{\"anonymous\":false,\"inputs\":[{\"indexed\":true,\"name\":\"from\",\"type\":\"address\"},{\"indexed\":true,\"name\":\"to\",\"type\":\"address\"},{\"indexed\":false,\"name\":\"value\",\"type\":\"uint256\"}],\"name\":\"Transfer\",\"type\":\"event\"}]",
  "ContractName": "SimpleToken",
  "CompilerVersion": "v0.4.12+commit.194ff033",
  "CompilerType": "solc",
  "OptimizationUsed": "0",
  "Runs": "200",
  "ConstructorArguments": "",
  "EVMVersion": "Default",
  "Library": "",
  "ContractFileName": "",
  "LicenseType": "",
  "Proxy": "0",
  "Implementation": "",
  "SwarmSource": "bzzr://f16bc571161df1dabf8a69d004c50b26069591ccfed4b9bddf2b33be88b13528",
  "SimilarMatch": ""
}