{
  "SourceCode": "pragma solidity ^0.4.18;\r\n\r\n/**\r\n * @title ERC20Basic\r\n * @dev Simpler version of ERC20 interface\r\n * @dev see https://github.com/ethereum/EIPs/issues/179\r\n */\r\ncontract ERC20Basic {\r\n  uint256 public totalSupply;\r\n  function balanceOf(address who) public constant returns (uint256);\r\n  function transfer(address to, uint256 value) public returns (bool);\r\n  event Transfer(address indexed from, address indexed to, uint256 value);\r\n}\r\n\r\n/**\r\n * @title ERC20 interface\r\n * @dev see https://github.com/ethereum/EIPs/issues/20\r\n */\r\ncontract ERC20 is ERC20Basic {\r\n  function allowance(address owner, address spender) public constant returns (uint256);\r\n  function transferFrom(address from, address to, uint256 value) public returns (bool);\r\n  function approve(address spender, uint256 value) public returns (bool);\r\n  event Approval(address indexed owner, address indexed spender, uint256 value);\r\n}\r\n\r\n/**\r\n * @title Ownable\r\n * @dev The Ownable contract has an owner address, and provides basic authorization control\r\n * functions, this simplifies the implementation of \"user permissions\".\r\n */\r\ncontract Ownable {\r\n  address public owner;\r\n\r\n  event OwnershipTransferred(address indexed previousOwner, address indexed newOwner);\r\n\r\n  function Ownable() public {\r\n    owner = msg.sender;\r\n  }\r\n\r\n  modifier onlyOwner() {\r\n    require(msg.sender == owner);\r\n    _;\r\n  }\r\n\r\n  function transferOwnership(address newOwner) public onlyOwner {\r\n    require(newOwner != address(0));\r\n    OwnershipTransferred(owner, newOwner);\r\n    owner = newOwner;\r\n  }\r\n}\r\n\r\ncontract RewardDistributor is Ownable {\r\n    ERC20 public token;\r\n\r\n    function RewardDistributor(address _tokenAddress) public {\r\n        token = ERC20(_tokenAddress);\r\n    }\r\n\r\n    function distributeToAddressesAndAmounts(address[] addresses, uint256[] amounts) external onlyOwner {\r\n        require(addresses.length == amounts.length);\r\n        for (uint i = 0; i < addresses.length; i++) {\r\n            require(token.transfer(addresses[i], amounts[i]));\r\n        }\r\n    }\r\n}",
  "ABI": "[{\"constant\":true,\"inputs\":[],\"name\":\"owner\",\"outputs\":[{\"name\":\"\",\"type\":\"address\"}],\"payable\":false,\"stateMutability\":\"view\",\"type\":\"function\"},{\"constant\":false,\"inputs\":[{\"name\":\"addresses\",\"type\":\"address[]\"},{\"name\":\"amounts\",\"type\":\"uint256[]\"}],\"name\":\"distributeToAddressesAndAmounts\",\"outputs\":[],\"payable\":false,\"stateMutability\":\"nonpayable\",\"type\":\"function\"},{\"constant\":false,\"inputs\":[{\"name\":\"newOwner\",\"type\":\"address\"}],\"name\":\"transferOwnership\",\"outputs\":[],\"payable\":false,\"stateMutability\":\"nonpayable\",\"type\":\"function\"},{\"constant\":true,\"inputs\":[],\"name\":\"token\",\"outputs\":[{\"name\":\"\",\"type\":\"address\"}],\"payable\":false,\"stateMutability\":\"view\",\"type\":\"function\"},{\"inputs\":[{\"name\":\"_tokenAddress\",\"type\":\"address\"}],\"payable\":false,\"stateMutability\":\"nonpayable\",\"type\":\"constructor\"},{\"anonymous\":false,\"inputs\":[{\"indexed\":true,\"name\":\"previousOwner\",\"type\":\"address\"},{\"indexed\":true,\"name\":\"newOwner\",\"type\":\"address\"}],\"name\":\"OwnershipTransferred\",\"type\":\"event\"}]",
  "ContractName": "RewardDistributor",
  "CompilerVersion": "v0.4.18+commit.9cf6e910",
  "CompilerType": "solc",
  "OptimizationUsed": "0",
  "Runs": "200",
  "ConstructorArguments": "0000000000000000000000009af2c6b1a28d3d6bc084bd267f70e90d49741d5b",
  "EVMVersion": "Default",
  "Library": "",
  "ContractFileName": "",
  "LicenseType": "",
  "Proxy": "0",
  "Implementation": "",
  "SwarmSource": "bzzr://199f036d96c7b04646749346cd7480c6d409af26322ee4c49109bc6478906d1a",
  "SimilarMatch": ""
}