{
  "SourceCode": "pragma solidity ^0.4.16; \r\n    contract owned {\r\n        address public owner;\r\n\r\n        function owned() {\r\n            owner = msg.sender;\r\n        }\r\n\r\n        modifier onlyOwner {\r\n            require(msg.sender == owner);\r\n            _;\r\n        }\r\n\r\n        function transferOwnership(address newOwner) onlyOwner {\r\n            owner = newOwner;\r\n        }\r\n    }\r\n\t\t\r\n\tcontract Crowdsale is owned {\r\n    \r\n    uint256 public totalSupply;\r\n    mapping (address => uint256) public balanceOf;\r\n\r\n    event Transfer(address indexed from, address indexed to, uint256 value);\r\n\r\n    function Crowdsale() payable owned() {\r\n        totalSupply = 400000000;\r\n        balanceOf[this] = 400000000;\r\n    }\r\n\r\n    function () payable {\r\n        require(balanceOf[this] > 0);\r\n        uint256 tokens = 1000000 * msg.value / 1000000000000000000;\r\n        if (tokens > balanceOf[this]) {\r\n            tokens = balanceOf[this];\r\n            uint valueWei = tokens * 1000000000000000000 / 1000000;\r\n            msg.sender.transfer(msg.value - valueWei);\r\n        }\r\n        require(balanceOf[msg.sender] + tokens > balanceOf[msg.sender]); // overflow\r\n        require(tokens > 0);\r\n        balanceOf[msg.sender] += tokens;\r\n        balanceOf[this] -= tokens;\r\n        Transfer(this, msg.sender, tokens);\r\n    }\r\n}\r\n\r\ncontract Token is Crowdsale {\r\n    \r\n   \r\n    string  public name        = 'Minedozer';\r\n    string  public symbol      = \"MDZ\";\r\n    uint8   public decimals    = 0;\r\n\r\n    mapping (address => mapping (address => uint256)) public allowed;\r\n\r\n    event Approval(address indexed owner, address indexed spender, uint256 value);\r\n    event Burned(address indexed owner, uint256 value);\r\n\r\n    function Token() payable Crowdsale() {}\r\n\r\n    function transfer(address _to, uint256 _value) public {\r\n        require(balanceOf[msg.sender] >= _value);\r\n        require(balanceOf[_to] + _value >= balanceOf[_to]); // overflow\r\n        balanceOf[msg.sender] -= _value;\r\n        balanceOf[_to] += _value;\r\n        Transfer(msg.sender, _to, _value);\r\n    }\r\n    \r\n    function transferFrom(address _from, address _to, uint256 _value) public {\r\n        require(balanceOf[_from] >= _value);\r\n        require(balanceOf[_to] + _value >= balanceOf[_to]); // overflow\r\n        require(allowed[_from][msg.sender] >= _value);\r\n        balanceOf[_from] -= _value;\r\n        balanceOf[_to] += _value;\r\n        allowed[_from][msg.sender] -= _value;\r\n        Transfer(_from, _to, _value);\r\n    }\r\n\r\n    function approve(address _spender, uint256 _value) public {\r\n        allowed[msg.sender][_spender] = _value;\r\n        Approval(msg.sender, _spender, _value);\r\n    }\r\n\r\n    function allowance(address _owner, address _spender) public constant\r\n        returns (uint256 remaining) {\r\n        return allowed[_owner][_spender];\r\n    }\r\n    \r\n    function burn(uint256 _value) public {\r\n        require(balanceOf[msg.sender] >= _value);\r\n        balanceOf[msg.sender] -= _value;\r\n        totalSupply -= _value;\r\n        Burned(msg.sender, _value);\r\n    }\r\n}\r\ncontract MigrationAgent {\r\n    function migrateFrom(address _from, uint256 _value);\r\n}\r\n\r\ncontract TokenMigration is Token {\r\n    \r\n    address public migrationAgent;\r\n    uint256 public totalMigrated;\r\n\r\n    event Migrate(address indexed from, address indexed to, uint256 value);\r\n\r\n    function TokenMigration() payable Token() {}\r\n\r\n    // Migrate _value of tokens to the new token contract\r\n    function migrate(uint256 _value) external {\r\n        require(migrationAgent != 0);\r\n        require(_value != 0);\r\n        require(_value <= balanceOf[msg.sender]);\r\n        balanceOf[msg.sender] -= _value;\r\n        totalSupply -= _value;\r\n        totalMigrated += _value;\r\n        MigrationAgent(migrationAgent).migrateFrom(msg.sender, _value);\r\n        Migrate(msg.sender, migrationAgent, _value);\r\n    }\r\n\r\n    function setMigrationAgent(address _agent) external onlyOwner {\r\n        require(migrationAgent == 0);\r\n        migrationAgent = _agent;\r\n    }\r\n}\r\n\r\ncontract Minedozer is TokenMigration {\r\n    function Minedozer() payable TokenMigration() {}\r\n    \r\n    function withdraw() public onlyOwner {\r\n        owner.transfer(this.balance);\r\n    }\r\n    \r\n    function killMe() public onlyOwner {\r\n        require(totalSupply == 0);\r\n        selfdestruct(owner);\r\n    }\r\n}",
  "ABI": "[{\"constant\":true,\"inputs\":[],\"name\":\"name\",\"outputs\":[{\"name\":\"\",\"type\":\"string\"}],\"payable\":false,\"stateMutability\":\"view\",\"type\":\"function\"},{\"constant\":false,\"inputs\":[{\"name\":\"_spender\",\"type\":\"address\"},{\"name\":\"_value\",\"type\":\"uint256\"}],\"name\":\"approve\",\"outputs\":[],\"payable\":false,\"stateMutability\":\"nonpayable\",\"type\":\"function\"},{\"constant\":true,\"inputs\":[],\"name\":\"totalSupply\",\"outputs\":[{\"name\":\"\",\"type\":\"uint256\"}],\"payable\":false,\"stateMutability\":\"view\",\"type\":\"function\"},{\"constant\":false,\"inputs\":[{\"name\":\"_from\",\"type\":\"address\"},{\"name\":\"_to\",\"type\":\"address\"},{\"name\":\"_value\",\"type\":\"uint256\"}],\"name\":\"transferFrom\",\"outputs\":[],\"payable\":false,\"stateMutability\":\"nonpayable\",\"type\":\"function\"},{\"constant\":true,\"inputs\":[],\"name\":\"decimals\",\"outputs\":[{\"name\":\"\",\"type\":\"uint8\"}],\"payable\":false,\"stateMutability\":\"view\",\"type\":\"function\"},{\"constant\":false,\"inputs\":[],\"name\":\"withdraw\",\"outputs\":[],\"payable\":false,\"stateMutability\":\"nonpayable\",\"type\":\"function\"},{\"constant\":false,\"inputs\":[{\"name\":\"_value\",\"type\":\"uint256\"}],\"name\":\"burn\",\"outputs\":[],\"payable\":false,\"stateMutability\":\"nonpayable\",\"type\":\"function\"},{\"constant\":false,\"inputs\":[{\"name\":\"_value\",\"type\":\"uint256\"}],\"name\":\"migrate\",\"outputs\":[],\"payable\":false,\"stateMutability\":\"nonpayable\",\"type\":\"function\"},{\"constant\":true,\"inputs\":[{\"name\":\"\",\"type\":\"address\"},{\"name\":\"\",\"type\":\"address\"}],\"name\":\"allowed\",\"outputs\":[{\"name\":\"\",\"type\":\"uint256\"}],\"payable\":false,\"stateMutability\":\"view\",\"type\":\"function\"},{\"constant\":true,\"inputs\":[{\"name\":\"\",\"type\":\"address\"}],\"name\":\"balanceOf\",\"outputs\":[{\"name\":\"\",\"type\":\"uint256\"}],\"payable\":false,\"stateMutability\":\"view\",\"type\":\"function\"},{\"constant\":false,\"inputs\":[{\"name\":\"_agent\",\"type\":\"address\"}],\"name\":\"setMigrationAgent\",\"outputs\":[],\"payable\":false,\"stateMutability\":\"nonpayable\",\"type\":\"function\"},{\"constant\":true,\"inputs\":[],\"name\":\"migrationAgent\",\"outputs\":[{\"name\":\"\",\"type\":\"address\"}],\"payable\":false,\"stateMutability\":\"view\",\"type\":\"function\"},{\"constant\":true,\"inputs\":[],\"name\":\"owner\",\"outputs\":[{\"name\":\"\",\"type\":\"address\"}],\"payable\":false,\"stateMutability\":\"view\",\"type\":\"function\"},{\"constant\":true,\"inputs\":[],\"name\":\"totalMigrated\",\"outputs\":[{\"name\":\"\",\"type\":\"uint256\"}],\"payable\":false,\"stateMutability\":\"view\",\"type\":\"function\"},{\"constant\":true,\"inputs\":[],\"name\":\"symbol\",\"outputs\":[{\"name\":\"\",\"type\":\"string\"}],\"payable\":false,\"stateMutability\":\"view\",\"type\":\"function\"},{\"constant\":false,\"inputs\":[{\"name\":\"_to\",\"type\":\"address\"},{\"name\":\"_value\",\"type\":\"uint256\"}],\"name\":\"transfer\",\"outputs\":[],\"payable\":false,\"stateMutability\":\"nonpayable\",\"type\":\"function\"},{\"constant\":false,\"inputs\":[],\"name\":\"killMe\",\"outputs\":[],\"payable\":false,\"stateMutability\":\"nonpayable\",\"type\":\"function\"},{\"constant\":true,\"inputs\":[{\"name\":\"_owner\",\"type\":\"address\"},{\"name\":\"_spender\",\"type\":\"address\"}],\"name\":\"allowance\",\"outputs\":[{\"name\":\"remaining\",\"type\":\"uint256\"}],\"payable\":false,\"stateMutability\":\"view\",\"type\":\"function\"},{\"constant\":false,\"inputs\":[{\"name\":\"newOwner\",\"type\":\"address\"}],\"name\":\"transferOwnership\",\"outputs\":[],\"payable\":false,\"stateMutability\":\"nonpayable\",\"type\":\"function\"},{\"inputs\":[],\"payable\":true,\"stateMutability\":\"payable\",\"type\":\"constructor\"},{\"payable\":true,\"stateMutability\":\"payable\",\"type\":\"fallback\"},{\"anonymous\":false,\"inputs\":[{\"indexed\":true,\"name\":\"from\",\"type\":\"address\"},{\"indexed\":true,\"name\":\"to\",\"type\":\"address\"},{\"indexed\":false,\"name\":\"value\",\"type\":\"uint256\"}],\"name\":\"Migrate\",\"type\":\"event\"},{\"anonymous\":false,\"inputs\":[{\"indexed\":true,\"name\":\"owner\",\"type\":\"address\"},{\"indexed\":true,\"name\":\"spender\",\"type\":\"address\"},{\"indexed\":false,\"name\":\"value\",\"type\":\"uint256\"}],\"name\":\"Approval\",\"type\":\"event\"},{\"anonymous\":false,\"inputs\":[{\"indexed\":true,\"name\":\"owner\",\"type\":\"address\"},{\"indexed\":false,\"name\":\"value\",\"type\":\"uint256\"}],\"name\":\"Burned\",\"type\":\"event\"},{\"anonymous\":false,\"inputs\":[{\"indexed\":true,\"name\":\"from\",\"type\":\"address\"},{\"indexed\":true,\"name\":\"to\",\"type\":\"address\"},{\"indexed\":false,\"name\":\"value\",\"type\":\"uint256\"}],\"name\":\"Transfer\",\"type\":\"event\"}]",
  "ContractName": "Minedozer",
  "CompilerVersion": "v0.4.16+commit.d7661dd9",
  "CompilerType": "solc",
  "OptimizationUsed": "1",
  "Runs": "200",
  "ConstructorArguments": "",
  "EVMVersion": "Default",
  "Library": "",
  "ContractFileName": "",
  "LicenseType": "",
  "Proxy": "0",
  "Implementation": "",
  "SwarmSource": "bzzr://e76f180b7bfc4b448bd50c5d4ba28d838318752e9affdd45fdbb05d7f73abae6",
  "SimilarMatch": ""
}