{
  "SourceCode": "pragma solidity ^0.4.16;\r\n\r\ncontract PCKToken {\r\n    string public name;\r\n    string public symbol;\r\n    uint8 public decimals = 2;\r\n    uint256 public totalSupply;\r\n\r\n    mapping (address => uint256) public balanceOf;\r\n    mapping (address => mapping (address => uint256)) public allowance;\r\n\r\n    event Transfer(address indexed from, address indexed to, uint256 value);\r\n    event Burn(address indexed from, uint256 value);\r\n\r\n    function PCKToken() public {\r\n        totalSupply = 50000000 * 10 ** uint256(decimals);\r\n        balanceOf[msg.sender] = totalSupply;\r\n        name = \"Poor College Kid\";\r\n        symbol = \"PCK\";\r\n    }\r\n\r\n    function _transfer(address _from, address _to, uint _value) internal {\r\n        require(_to != 0x0);\r\n        require(balanceOf[_from] >= _value);\r\n        require(balanceOf[_to] + _value > balanceOf[_to]);\r\n        uint previousBalances = balanceOf[_from] + balanceOf[_to];\r\n        balanceOf[_from] -= _value;\r\n        balanceOf[_to] += _value;\r\n        Transfer(_from, _to, _value);\r\n        assert(balanceOf[_from] + balanceOf[_to] == previousBalances);\r\n    }\r\n\r\n    function transfer(address _to, uint256 _value) public {\r\n        _transfer(msg.sender, _to, _value);\r\n    }\r\n\r\n    function transferFrom(address _from, address _to, uint256 _value) public returns (bool success) {\r\n        require(_value <= allowance[_from][msg.sender]);     \r\n        allowance[_from][msg.sender] -= _value;\r\n        _transfer(_from, _to, _value);\r\n        return true;\r\n    }\r\n\r\n    function approve(address _spender, uint256 _value) public returns (bool success) {\r\n        allowance[msg.sender][_spender] = _value;\r\n        return true;\r\n    }\r\n\r\n    function burn(uint256 _value) public returns (bool success) {\r\n        require(balanceOf[msg.sender] >= _value);   \r\n        balanceOf[msg.sender] -= _value;            \r\n        totalSupply -= _value;                      \r\n        Burn(msg.sender, _value);\r\n        return true;\r\n    }\r\n\r\n    function burnFrom(address _from, uint256 _value) public returns (bool success) {\r\n        require(balanceOf[_from] >= _value);                \r\n        require(_value <= allowance[_from][msg.sender]);    \r\n        balanceOf[_from] -= _value;                         \r\n        allowance[_from][msg.sender] -= _value;             \r\n        totalSupply -= _value;                              \r\n        Burn(_from, _value);\r\n        return true;\r\n    }\r\n}",
  "ABI": "[{\"constant\":true,\"inputs\":[],\"name\":\"name\",\"outputs\":[{\"name\":\"\",\"type\":\"string\"}],\"payable\":false,\"stateMutability\":\"view\",\"type\":\"function\"},{\"constant\":false,\"inputs\":[{\"name\":\"_spender\",\"type\":\"address\"},{\"name\":\"_value\",\"type\":\"uint256\"}],\"name\":\"approve\",\"outputs\":[{\"name\":\"success\",\"type\":\"bool\"}],\"payable\":false,\"stateMutability\":\"nonpayable\",\"type\":\"function\"},{\"constant\":true,\"inputs\":[],\"name\":\"totalSupply\",\"outputs\":[{\"name\":\"\",\"type\":\"uint256\"}],\"payable\":false,\"stateMutability\":\"view\",\"type\":\"function\"},{\"constant\":false,\"inputs\":[{\"name\":\"_from\",\"type\":\"address\"},{\"name\":\"_to\",\"type\":\"address\"},{\"name\":\"_value\",\"type\":\"uint256\"}],\"name\":\"transferFrom\",\"outputs\":[{\"name\":\"success\",\"type\":\"bool\"}],\"payable\":false,\"stateMutability\":\"nonpayable\",\"type\":\"function\"},{\"constant\":true,\"inputs\":[],\"name\":\"decimals\",\"outputs\":[{\"name\":\"\",\"type\":\"uint8\"}],\"payable\":false,\"stateMutability\":\"view\",\"type\":\"function\"},{\"constant\":false,\"inputs\":[{\"name\":\"_value\",\"type\":\"uint256\"}],\"name\":\"burn\",\"outputs\":[{\"name\":\"success\",\"type\":\"bool\"}],\"payable\":false,\"stateMutability\":\"nonpayable\",\"type\":\"function\"},{\"constant\":true,\"inputs\":[{\"name\":\"\",\"type\":\"address\"}],\"name\":\"balanceOf\",\"outputs\":[{\"name\":\"\",\"type\":\"uint256\"}],\"payable\":false,\"stateMutability\":\"view\",\"type\":\"function\"},{\"constant\":false,\"inputs\":[{\"name\":\"_from\",\"type\":\"address\"},{\"name\":\"_value\",\"type\":\"uint256\"}],\"name\":\"burnFrom\",\"outputs\":[{\"name\":\"success\",\"type\":\"bool\"}],\"payable\":false,\"stateMutability\":\"nonpayable\",\"type\":\"function\"},{\"constant\":true,\"inputs\":[],\"name\":\"symbol\",\"outputs\":[{\"name\":\"\",\"type\":\"string\"}],\"payable\":false,\"stateMutability\":\"view\",\"type\":\"function\"},{\"constant\":false,\"inputs\":[{\"name\":\"_to\",\"type\":\"address\"},{\"name\":\"_value\",\"type\":\"uint256\"}],\"name\":\"transfer\",\"outputs\":[],\"payable\":false,\"stateMutability\":\"nonpayable\",\"type\":\"function\"},{\"constant\":true,\"inputs\":[{\"name\":\"\",\"type\":\"address\"},{\"name\":\"\",\"type\":\"address\"}],\"name\":\"allowance\",\"outputs\":[{\"name\":\"\",\"type\":\"uint256\"}],\"payable\":false,\"stateMutability\":\"view\",\"type\":\"function\"},{\"inputs\":[],\"payable\":false,\"stateMutability\":\"nonpayable\",\"type\":\"constructor\"},{\"anonymous\":false,\"inputs\":[{\"indexed\":true,\"name\":\"from\",\"type\":\"address\"},{\"indexed\":true,\"name\":\"to\",\"type\":\"address\"},{\"indexed\":false,\"name\":\"value\",\"type\":\"uint256\"}],\"name\":\"Transfer\",\"type\":\"event\"},{\"anonymous\":false,\"inputs\":[{\"indexed\":true,\"name\":\"from\",\"type\":\"address\"},{\"indexed\":false,\"name\":\"value\",\"type\":\"uint256\"}],\"name\":\"Burn\",\"type\":\"event\"}]",
  "ContractName": "PCKToken",
  "CompilerVersion": "v0.4.19+commit.c4cbbb05",
  "CompilerType": "solc",
  "OptimizationUsed": "1",
  "Runs": "200",
  "ConstructorArguments": "",
  "EVMVersion": "Default",
  "Library": "",
  "ContractFileName": "",
  "LicenseType": "",
  "Proxy": "0",
  "Implementation": "",
  "SwarmSource": "bzzr://118a288e6b74b077aaa4d34349cedc8430ed43eb71c38585f2f8d60a9a693c1c",
  "SimilarMatch": ""
}