{
  "SourceCode": "pragma solidity ^0.4.19;\r\n\r\n/**\r\n * @title Ownable\r\n * @dev The Ownable contract has an owner address, and provides basic authorization control \r\n * functions, this simplifies the implementation of \"user permissions\". \r\n */\r\ncontract Ownable {\r\n  address public owner;\r\n\r\n\r\n  /** \r\n   * @dev The Ownable constructor sets the original `owner` of the contract to the sender\r\n   * account.\r\n   */\r\n  function Ownable() {\r\n    owner = msg.sender;\r\n  }\r\n\r\n\r\n  /**\r\n   * @dev Throws if called by any account other than the owner. \r\n   */\r\n  modifier onlyOwner() {\r\n    if (msg.sender != owner) {\r\n      throw;\r\n    }\r\n    _;\r\n  }\r\n\r\n\r\n  /**\r\n   * @dev Allows the current owner to transfer control of the contract to a newOwner.\r\n   * @param newOwner The address to transfer ownership to. \r\n   */\r\n  function transferOwnership(address newOwner) onlyOwner {\r\n    if (newOwner != address(0)) {\r\n      owner = newOwner;\r\n    }\r\n  }\r\n\r\n}\r\ncontract ERC20Basic {\r\n  uint public totalSupply;\r\n  function balanceOf(address who) constant returns (uint);\r\n  function transfer(address to, uint value);\r\n  event Transfer(address indexed from, address indexed to, uint value);\r\n}\r\n\r\ncontract ERC20 is ERC20Basic {\r\n  function allowance(address owner, address spender) constant returns (uint);\r\n  function transferFrom(address from, address to, uint value);\r\n  function approve(address spender, uint value);\r\n  event Approval(address indexed owner, address indexed spender, uint value);\r\n}\r\n\r\n\r\ncontract Airdropper is Ownable {\r\n\r\n    function multisend(address _tokenAddr, address[] dests, uint256[] values)\r\n    onlyOwner\r\n    returns (uint256) {\r\n        uint256 i = 0;\r\n        while (i < dests.length) {\r\n           ERC20(_tokenAddr).transfer(dests[i], values[i]);\r\n           i += 1;\r\n        }\r\n        return(i);\r\n    }\r\n}",
  "ABI": "[{\"constant\":true,\"inputs\":[],\"name\":\"owner\",\"outputs\":[{\"name\":\"\",\"type\":\"address\"}],\"payable\":false,\"stateMutability\":\"view\",\"type\":\"function\"},{\"constant\":false,\"inputs\":[{\"name\":\"_tokenAddr\",\"type\":\"address\"},{\"name\":\"dests\",\"type\":\"address[]\"},{\"name\":\"values\",\"type\":\"uint256[]\"}],\"name\":\"multisend\",\"outputs\":[{\"name\":\"\",\"type\":\"uint256\"}],\"payable\":false,\"stateMutability\":\"nonpayable\",\"type\":\"function\"},{\"constant\":false,\"inputs\":[{\"name\":\"newOwner\",\"type\":\"address\"}],\"name\":\"transferOwnership\",\"outputs\":[],\"payable\":false,\"stateMutability\":\"nonpayable\",\"type\":\"function\"}]",
  "ContractName": "Airdropper",
  "CompilerVersion": "v0.4.21+commit.dfe3193c",
  "CompilerType": "solc",
  "OptimizationUsed": "0",
  "Runs": "200",
  "ConstructorArguments": "",
  "EVMVersion": "Default",
  "Library": "",
  "ContractFileName": "",
  "LicenseType": "",
  "Proxy": "0",
  "Implementation": "",
  "SwarmSource": "bzzr://793059a3d3fb286b19bac26e163bd7f92f3dc71f5d144ea3099924186d23a338",
  "SimilarMatch": ""
}