{
  "SourceCode": "pragma solidity ^0.4.11;\r\n\r\ncontract ERC20Standard {\r\n\t\r\n\tmapping (address => uint256) balances;\r\n\tmapping (address => mapping (address => uint)) allowed;\r\n\r\n\t//Fix for short address attack against ERC20\r\n\tmodifier onlyPayloadSize(uint size) {\r\n\t\tassert(msg.data.length == size + 4);\r\n\t\t_;\r\n\t} \r\n\r\n\tfunction balanceOf(address _owner) public constant returns (uint balance) {\r\n\t    return balances[_owner];\r\n\t}\r\n\r\n\tfunction transfer(address _recipient, uint _value) onlyPayloadSize(2*32) public {\r\n\t\trequire(balances[msg.sender] >= _value && _value > 0);\r\n\t    balances[msg.sender] -= _value;\r\n\t    balances[_recipient] += _value;\r\n\t    Transfer(msg.sender, _recipient, _value);        \r\n    }\r\n\r\n\tfunction transferFrom(address _from, address _to, uint _value) public {\r\n\t\trequire(balances[_from] >= _value && allowed[_from][msg.sender] >= _value && _value > 0);\r\n        balances[_to] += _value;\r\n        balances[_from] -= _value;\r\n        allowed[_from][msg.sender] -= _value;\r\n        Transfer(_from, _to, _value);\r\n    }\r\n\r\n\tfunction approve(address _spender, uint _value) public {\r\n\t\tallowed[msg.sender][_spender] = _value;\r\n\t\tApproval(msg.sender, _spender, _value);\r\n\t}\r\n\r\n\tfunction allowance(address _spender, address _owner) public constant returns (uint balance) {\r\n\t\treturn allowed[_owner][_spender];\r\n\t}\r\n\r\n\t//Event which is triggered to log all transfers to this contract's event log\r\n\tevent Transfer(\r\n\t\taddress indexed _from,\r\n\t\taddress indexed _to,\r\n\t\tuint _value\r\n\t\t);\r\n\t\t\r\n\t//Event is triggered whenever an owner approves a new allowance for a spender.\r\n\tevent Approval(\r\n\t\taddress indexed _owner,\r\n\t\taddress indexed _spender,\r\n\t\tuint _value\r\n\t\t);\r\n\r\n}\r\n\r\ncontract WEBcoin is ERC20Standard {\r\n\tstring public name = \"WEBCoin\";\r\n\tuint8 public decimals = 18;\r\n\tstring public symbol = \"WEB\";\r\n\tuint public totalSupply = 21000000;\r\n\t    \r\n\tfunction WEBcoin() {\r\n\t    balances[msg.sender] = totalSupply;\r\n\t}\r\n}",
  "ABI": "[{\"constant\":true,\"inputs\":[],\"name\":\"name\",\"outputs\":[{\"name\":\"\",\"type\":\"string\"}],\"payable\":false,\"stateMutability\":\"view\",\"type\":\"function\"},{\"constant\":false,\"inputs\":[{\"name\":\"_spender\",\"type\":\"address\"},{\"name\":\"_value\",\"type\":\"uint256\"}],\"name\":\"approve\",\"outputs\":[],\"payable\":false,\"stateMutability\":\"nonpayable\",\"type\":\"function\"},{\"constant\":true,\"inputs\":[],\"name\":\"totalSupply\",\"outputs\":[{\"name\":\"\",\"type\":\"uint256\"}],\"payable\":false,\"stateMutability\":\"view\",\"type\":\"function\"},{\"constant\":false,\"inputs\":[{\"name\":\"_from\",\"type\":\"address\"},{\"name\":\"_to\",\"type\":\"address\"},{\"name\":\"_value\",\"type\":\"uint256\"}],\"name\":\"transferFrom\",\"outputs\":[],\"payable\":false,\"stateMutability\":\"nonpayable\",\"type\":\"function\"},{\"constant\":true,\"inputs\":[],\"name\":\"decimals\",\"outputs\":[{\"name\":\"\",\"type\":\"uint8\"}],\"payable\":false,\"stateMutability\":\"view\",\"type\":\"function\"},{\"constant\":true,\"inputs\":[{\"name\":\"_owner\",\"type\":\"address\"}],\"name\":\"balanceOf\",\"outputs\":[{\"name\":\"balance\",\"type\":\"uint256\"}],\"payable\":false,\"stateMutability\":\"view\",\"type\":\"function\"},{\"constant\":true,\"inputs\":[],\"name\":\"symbol\",\"outputs\":[{\"name\":\"\",\"type\":\"string\"}],\"payable\":false,\"stateMutability\":\"view\",\"type\":\"function\"},{\"constant\":false,\"inputs\":[{\"name\":\"_recipient\",\"type\":\"address\"},{\"name\":\"_value\",\"type\":\"uint256\"}],\"name\":\"transfer\",\"outputs\":[],\"payable\":false,\"stateMutability\":\"nonpayable\",\"type\":\"function\"},{\"constant\":true,\"inputs\":[{\"name\":\"_spender\",\"type\":\"address\"},{\"name\":\"_owner\",\"type\":\"address\"}],\"name\":\"allowance\",\"outputs\":[{\"name\":\"balance\",\"type\":\"uint256\"}],\"payable\":false,\"stateMutability\":\"view\",\"type\":\"function\"},{\"inputs\":[],\"payable\":false,\"stateMutability\":\"nonpayable\",\"type\":\"constructor\"},{\"anonymous\":false,\"inputs\":[{\"indexed\":true,\"name\":\"_from\",\"type\":\"address\"},{\"indexed\":true,\"name\":\"_to\",\"type\":\"address\"},{\"indexed\":false,\"name\":\"_value\",\"type\":\"uint256\"}],\"name\":\"Transfer\",\"type\":\"event\"},{\"anonymous\":false,\"inputs\":[{\"indexed\":true,\"name\":\"_owner\",\"type\":\"address\"},{\"indexed\":true,\"name\":\"_spender\",\"type\":\"address\"},{\"indexed\":false,\"name\":\"_value\",\"type\":\"uint256\"}],\"name\":\"Approval\",\"type\":\"event\"}]",
  "ContractName": "WEBcoin",
  "CompilerVersion": "v0.4.20+commit.3155dd80",
  "CompilerType": "solc",
  "OptimizationUsed": "0",
  "Runs": "200",
  "ConstructorArguments": "",
  "EVMVersion": "Default",
  "Library": "",
  "ContractFileName": "",
  "LicenseType": "",
  "Proxy": "0",
  "Implementation": "",
  "SwarmSource": "bzzr://77ef01cbf740be1d3beb2774286eeadf719890ed425705fd4314f57f911bf6b9",
  "SimilarMatch": ""
}