{
  "SourceCode": "/*\r\nThis file is part of the Cryptaur Contract.\r\n\r\nThe CryptaurToken Contract is free software: you can redistribute it and/or\r\nmodify it under the terms of the GNU lesser General Public License as published\r\nby the Free Software Foundation, either version 3 of the License, or\r\n(at your option) any later version. See the GNU lesser General Public License\r\nfor more details.\r\n\r\nYou should have received a copy of the GNU lesser General Public License\r\nalong with the CryptaurToken Contract. If not, see <http://www.gnu.org/licenses/>.\r\n\r\n@author Ilya Svirin <i.svirin@nordavind.ru>\r\nDonation address 0x3Ad38D1060d1c350aF29685B2b8Ec3eDE527452B\r\n*/\r\n\r\n\r\npragma solidity ^0.4.11;\r\n\r\ncontract owned {\r\n\r\n    address public owner;\r\n    address public candidate;\r\n\r\n    function owned() payable public {\r\n        owner = msg.sender;\r\n    }\r\n    \r\n    modifier onlyOwner {\r\n        require(owner == msg.sender);\r\n        _;\r\n    }\r\n\r\n    function changeOwner(address _owner) onlyOwner public {\r\n        candidate = _owner;\r\n    }\r\n    \r\n    function confirmOwner() public {\r\n        require(candidate == msg.sender);\r\n        owner = candidate;\r\n        delete candidate;\r\n    }\r\n}\r\n\r\ncontract CryptaurToken is owned {\r\n\r\n    address                      public cryptaurBackend;\r\n    bool                         public crowdsaleFinished;\r\n    uint                         public totalSupply;\r\n    mapping (address => uint256) public balanceOf;\r\n\r\n    string  public standard    = 'Token 0.1';\r\n    string  public name        = 'Cryptaur';\r\n    string  public symbol      = \"CPT\";\r\n    uint8   public decimals    = 8;\r\n\r\n    mapping (address => mapping (address => uint)) public allowed;\r\n    event Approval(address indexed owner, address indexed spender, uint value);\r\n    event Transfer(address indexed from, address indexed to, uint value);\r\n    event Mint(address indexed minter, uint tokens, uint8 originalCoinType, bytes32 originalTxHash);\r\n\r\n    // Fix for the ERC20 short address attack\r\n    modifier onlyPayloadSize(uint size) {\r\n        require(msg.data.length >= size + 4);\r\n        _;\r\n    }\r\n\r\n    function CryptaurToken(address _cryptaurBackend) public payable owned() {\r\n        cryptaurBackend = _cryptaurBackend;\r\n    }\r\n\r\n    function changeBackend(address _cryptaurBackend) public onlyOwner {\r\n        cryptaurBackend = _cryptaurBackend;\r\n    }\r\n    \r\n    function mintTokens(address _minter, uint _tokens, uint8 _originalCoinType, bytes32 _originalTxHash) public {\r\n        require(msg.sender == cryptaurBackend);\r\n        require(!crowdsaleFinished);\r\n        balanceOf[_minter] += _tokens;\r\n        totalSupply += _tokens;\r\n        Transfer(this, _minter, _tokens);\r\n        Mint(_minter, _tokens, _originalCoinType, _originalTxHash);\r\n    }\r\n    \r\n    function finishCrowdsale() onlyOwner public {\r\n        crowdsaleFinished = true;\r\n    }\r\n\r\n    function transfer(address _to, uint256 _value)\r\n        public onlyPayloadSize(2 * 32) {\r\n        require(balanceOf[msg.sender] >= _value);\r\n        require(balanceOf[_to] + _value >= balanceOf[_to]);\r\n        balanceOf[msg.sender] -= _value;\r\n        balanceOf[_to] += _value;\r\n        Transfer(msg.sender, _to, _value);\r\n    }\r\n    \r\n    function transferFrom(address _from, address _to, uint _value)\r\n        public onlyPayloadSize(3 * 32) {\r\n        require(balanceOf[_from] >= _value);\r\n        require(balanceOf[_to] + _value >= balanceOf[_to]); // overflow\r\n        require(allowed[_from][msg.sender] >= _value);\r\n        balanceOf[_from] -= _value;\r\n        balanceOf[_to] += _value;\r\n        allowed[_from][msg.sender] -= _value;\r\n        Transfer(_from, _to, _value);\r\n    }\r\n\r\n    function approve(address _spender, uint _value) public {\r\n        allowed[msg.sender][_spender] = _value;\r\n        Approval(msg.sender, _spender, _value);\r\n    }\r\n\r\n    function allowance(address _owner, address _spender) public constant\r\n        returns (uint remaining) {\r\n        return allowed[_owner][_spender];\r\n    }\r\n}",
  "ABI": "[{\"constant\":true,\"inputs\":[],\"name\":\"name\",\"outputs\":[{\"name\":\"\",\"type\":\"string\"}],\"payable\":false,\"stateMutability\":\"view\",\"type\":\"function\"},{\"constant\":false,\"inputs\":[{\"name\":\"_spender\",\"type\":\"address\"},{\"name\":\"_value\",\"type\":\"uint256\"}],\"name\":\"approve\",\"outputs\":[],\"payable\":false,\"stateMutability\":\"nonpayable\",\"type\":\"function\"},{\"constant\":true,\"inputs\":[],\"name\":\"totalSupply\",\"outputs\":[{\"name\":\"\",\"type\":\"uint256\"}],\"payable\":false,\"stateMutability\":\"view\",\"type\":\"function\"},{\"constant\":false,\"inputs\":[{\"name\":\"_from\",\"type\":\"address\"},{\"name\":\"_to\",\"type\":\"address\"},{\"name\":\"_value\",\"type\":\"uint256\"}],\"name\":\"transferFrom\",\"outputs\":[],\"payable\":false,\"stateMutability\":\"nonpayable\",\"type\":\"function\"},{\"constant\":false,\"inputs\":[{\"name\":\"_minter\",\"type\":\"address\"},{\"name\":\"_tokens\",\"type\":\"uint256\"},{\"name\":\"_originalCoinType\",\"type\":\"uint8\"},{\"name\":\"_originalTxHash\",\"type\":\"bytes32\"}],\"name\":\"mintTokens\",\"outputs\":[],\"payable\":false,\"stateMutability\":\"nonpayable\",\"type\":\"function\"},{\"constant\":true,\"inputs\":[],\"name\":\"decimals\",\"outputs\":[{\"name\":\"\",\"type\":\"uint8\"}],\"payable\":false,\"stateMutability\":\"view\",\"type\":\"function\"},{\"constant\":true,\"inputs\":[],\"name\":\"cryptaurBackend\",\"outputs\":[{\"name\":\"\",\"type\":\"address\"}],\"payable\":false,\"stateMutability\":\"view\",\"type\":\"function\"},{\"constant\":true,\"inputs\":[],\"name\":\"standard\",\"outputs\":[{\"name\":\"\",\"type\":\"string\"}],\"payable\":false,\"stateMutability\":\"view\",\"type\":\"function\"},{\"constant\":true,\"inputs\":[{\"name\":\"\",\"type\":\"address\"},{\"name\":\"\",\"type\":\"address\"}],\"name\":\"allowed\",\"outputs\":[{\"name\":\"\",\"type\":\"uint256\"}],\"payable\":false,\"stateMutability\":\"view\",\"type\":\"function\"},{\"constant\":true,\"inputs\":[],\"name\":\"candidate\",\"outputs\":[{\"name\":\"\",\"type\":\"address\"}],\"payable\":false,\"stateMutability\":\"view\",\"type\":\"function\"},{\"constant\":true,\"inputs\":[{\"name\":\"\",\"type\":\"address\"}],\"name\":\"balanceOf\",\"outputs\":[{\"name\":\"\",\"type\":\"uint256\"}],\"payable\":false,\"stateMutability\":\"view\",\"type\":\"function\"},{\"constant\":true,\"inputs\":[],\"name\":\"owner\",\"outputs\":[{\"name\":\"\",\"type\":\"address\"}],\"payable\":false,\"stateMutability\":\"view\",\"type\":\"function\"},{\"constant\":true,\"inputs\":[],\"name\":\"symbol\",\"outputs\":[{\"name\":\"\",\"type\":\"string\"}],\"payable\":false,\"stateMutability\":\"view\",\"type\":\"function\"},{\"constant\":false,\"inputs\":[{\"name\":\"_owner\",\"type\":\"address\"}],\"name\":\"changeOwner\",\"outputs\":[],\"payable\":false,\"stateMutability\":\"nonpayable\",\"type\":\"function\"},{\"constant\":false,\"inputs\":[{\"name\":\"_to\",\"type\":\"address\"},{\"name\":\"_value\",\"type\":\"uint256\"}],\"name\":\"transfer\",\"outputs\":[],\"payable\":false,\"stateMutability\":\"nonpayable\",\"type\":\"function\"},{\"constant\":false,\"inputs\":[],\"name\":\"finishCrowdsale\",\"outputs\":[],\"payable\":false,\"stateMutability\":\"nonpayable\",\"type\":\"function\"},{\"constant\":false,\"inputs\":[],\"name\":\"confirmOwner\",\"outputs\":[],\"payable\":false,\"stateMutability\":\"nonpayable\",\"type\":\"function\"},{\"constant\":true,\"inputs\":[{\"name\":\"_owner\",\"type\":\"address\"},{\"name\":\"_spender\",\"type\":\"address\"}],\"name\":\"allowance\",\"outputs\":[{\"name\":\"remaining\",\"type\":\"uint256\"}],\"payable\":false,\"stateMutability\":\"view\",\"type\":\"function\"},{\"constant\":false,\"inputs\":[{\"name\":\"_cryptaurBackend\",\"type\":\"address\"}],\"name\":\"changeBackend\",\"outputs\":[],\"payable\":false,\"stateMutability\":\"nonpayable\",\"type\":\"function\"},{\"constant\":true,\"inputs\":[],\"name\":\"crowdsaleFinished\",\"outputs\":[{\"name\":\"\",\"type\":\"bool\"}],\"payable\":false,\"stateMutability\":\"view\",\"type\":\"function\"},{\"inputs\":[{\"name\":\"_cryptaurBackend\",\"type\":\"address\"}],\"payable\":true,\"stateMutability\":\"payable\",\"type\":\"constructor\"},{\"anonymous\":false,\"inputs\":[{\"indexed\":true,\"name\":\"owner\",\"type\":\"address\"},{\"indexed\":true,\"name\":\"spender\",\"type\":\"address\"},{\"indexed\":false,\"name\":\"value\",\"type\":\"uint256\"}],\"name\":\"Approval\",\"type\":\"event\"},{\"anonymous\":false,\"inputs\":[{\"indexed\":true,\"name\":\"from\",\"type\":\"address\"},{\"indexed\":true,\"name\":\"to\",\"type\":\"address\"},{\"indexed\":false,\"name\":\"value\",\"type\":\"uint256\"}],\"name\":\"Transfer\",\"type\":\"event\"},{\"anonymous\":false,\"inputs\":[{\"indexed\":true,\"name\":\"minter\",\"type\":\"address\"},{\"indexed\":false,\"name\":\"tokens\",\"type\":\"uint256\"},{\"indexed\":false,\"name\":\"originalCoinType\",\"type\":\"uint8\"},{\"indexed\":false,\"name\":\"originalTxHash\",\"type\":\"bytes32\"}],\"name\":\"Mint\",\"type\":\"event\"}]",
  "ContractName": "CryptaurToken",
  "CompilerVersion": "v0.4.17-nightly.2017.8.28+commit.d15cde2a",
  "CompilerType": "solc",
  "OptimizationUsed": "1",
  "Runs": "200",
  "ConstructorArguments": "000000000000000000000000da291d62879a8a206ee6fbf198bc433aeef9a6a7",
  "EVMVersion": "Default",
  "Library": "",
  "ContractFileName": "",
  "LicenseType": "",
  "Proxy": "0",
  "Implementation": "",
  "SwarmSource": "bzzr://6ee4f4df1e83c5b7cd3e1e0476d04c340816883313ccd260b1f37150e1414098",
  "SimilarMatch": ""
}