[
  {
    "mode": "VERIFIED",
    "result": "FAIL",
    "reasoning": "The contract does not implement the ERC-20 standard but instead implements a custom ERC-721-like token. The ERC-20 methods and events are not present.",
    "evidence": "The contract defines ERC-721 methods such as `transfer`, `transferFrom`, `approve`, and events like `Transfer` and `Approval`, but does not include ERC-20 methods like `transfer(address, uint256)`, `approve(address, uint256)`, or `allowance(address, address)`.",
    "recommendations": [
      "Implement all required ERC-20 methods and events as specified in the standard.",
      "Ensure the contract uses `uint256` for token balances and supply, and implements `balanceOf`, `totalSupply`, `transfer`, `approve`, `allowance`, and `transferFrom` with the correct signatures."
    ],
    "fixed_code": null
  },
  {
    "mode": "VERIFIED",
    "result": "NOT_APPLICABLE",
    "reasoning": "The `name` function is implemented, but it is part of the ERC-721 standard and not relevant to ERC-20 compliance.",
    "evidence": "The `name` function is defined as `function name() public pure returns (string)` and returns the constant `NAME`. This matches ERC-721 optional metadata but is unrelated to ERC-20.",
    "recommendations": [],
    "fixed_code": null
  },
  {
    "mode": "VERIFIED",
    "result": "NOT_APPLICABLE",
    "reasoning": "The `symbol` function is implemented, but it is part of the ERC-721 standard and not relevant to ERC-20 compliance.",
    "evidence": "The `symbol` function is defined as `function symbol() public pure returns (string)` and returns the constant `SYMBOL`. This matches ERC-721 optional metadata but is unrelated to ERC-20.",
    "recommendations": [],
    "fixed_code": null
  },
  {
    "mode": "VERIFIED",
    "result": "NOT_APPLICABLE",
    "reasoning": "The `decimals` function is not implemented, but it is optional in the ERC-20 standard and irrelevant to ERC-721.",
    "evidence": "No `decimals` function is present in the contract.",
    "recommendations": [],
    "fixed_code": null
  },
  {
    "mode": "VERIFIED",
    "result": "FAIL",
    "reasoning": "The `totalSupply` function is implemented, but it does not conform to the ERC-20 specification. It returns the total number of opinions (non-fungible tokens) rather than a fungible token supply.",
    "evidence": "The `totalSupply` function is defined as `function totalSupply() public view returns (uint256 total)` and returns the length of the `opinions` array, which is specific to ERC-721.",
    "recommendations": [
      "Modify the `totalSupply` function to return the total supply of fungible tokens as a `uint256`.",
      "Ensure the total supply is updated correctly when tokens are minted or burned."
    ],
    "fixed_code": null
  },
  {
    "mode": "VERIFIED",
    "result": "FAIL",
    "reasoning": "The `balanceOf` function is implemented, but it does not conform to the ERC-20 specification. It returns the count of owned non-fungible tokens rather than a fungible token balance.",
    "evidence": "The `balanceOf` function is defined as `function balanceOf(address _owner) public view returns (uint256 balance)` and uses the `ownershipTokenCount` mapping, which tracks the number of non-fungible tokens owned by an address.",
    "recommendations": [
      "Modify the `balanceOf` function to return the fungible token balance of an address.",
      "Ensure the function uses a mapping of addresses to `uint256` balances."
    ],
    "fixed_code": null
  },
  {
    "mode": "VERIFIED",
    "result": "FAIL",
    "reasoning": "The `transfer` function is implemented, but it does not conform to the ERC-20 specification. It transfers ownership of non-fungible tokens rather than fungible tokens.",
    "evidence": "The `transfer` function is defined as `function transfer(address _to, uint256 _tokenId) public` and transfers ownership of a specific token ID, which is specific to ERC-721.",
    "recommendations": [
      "Implement the ERC-20 `transfer` function with the signature `function transfer(address _to, uint256 _value) public returns (bool success)`.",
      "Ensure the function updates balances and emits the `Transfer` event as specified in the ERC-20 standard."
    ],
    "fixed_code": null
  },
  {
    "mode": "VERIFIED",
    "result": "FAIL",
    "reasoning": "The `transferFrom` function is implemented, but it does not conform to the ERC-20 specification. It transfers ownership of non-fungible tokens rather than fungible tokens.",
    "evidence": "The `transferFrom` function is defined as `function transferFrom(address _from, address _to, uint256 _tokenId) public` and transfers ownership of a specific token ID, which is specific to ERC-721.",
    "recommendations": [
      "Implement the ERC-20 `transferFrom` function with the signature `function transferFrom(address _from, address _to, uint256 _value) public returns (bool success)`.",
      "Ensure the function updates balances, checks allowances, and emits the `Transfer` event as specified in the ERC-20 standard."
    ],
    "fixed_code": null
  },
  {
    "mode": "VERIFIED",
    "result": "FAIL",
    "reasoning": "The `approve` function is implemented, but it does not conform to the ERC-20 specification. It approves transfers of non-fungible tokens rather than fungible tokens.",
    "evidence": "The `approve` function is defined as `function approve(address _to, uint256 _tokenId) public` and approves a specific token ID for transfer, which is specific to ERC-721.",
    "recommendations": [
      "Implement the ERC-20 `approve` function with the signature `function approve(address _spender, uint256 _value) public returns (bool success)`.",
      "Ensure the function updates allowances and emits the `Approval` event as specified in the ERC-20 standard."
    ],
    "fixed_code": null
  },
  {
    "mode": "VERIFIED",
    "result": "FAIL",
    "reasoning": "The `allowance` function is not implemented, which is required for ERC-20 compliance.",
    "evidence": "No `allowance` function is present in the contract.",
    "recommendations": [
      "Implement the `allowance` function with the signature `function allowance(address _owner, address _spender) public view returns (uint256 remaining)`.",
      "Ensure the function returns the remaining allowance for a spender as specified in the ERC-20 standard."
    ],
    "fixed_code": null
  },
  {
    "mode": "VERIFIED",
    "result": "FAIL",
    "reasoning": "The `Transfer` event is implemented, but it does not conform to the ERC-20 specification. It is designed for non-fungible tokens and includes a `tokenId` parameter instead of a `value` parameter.",
    "evidence": "The `Transfer` event is defined as `event Transfer(address indexed from, address indexed to, uint256 tokenId)`.",
    "recommendations": [
      "Implement the ERC-20 `Transfer` event with the signature `event Transfer(address indexed _from, address indexed _to, uint256 _value)`.",
      "Ensure the event is emitted for all token transfers, including zero-value transfers."
    ],
    "fixed_code": null
  },
  {
    "mode": "VERIFIED",
    "result": "FAIL",
    "reasoning": "The `Approval` event is implemented, but it does not conform to the ERC-20 specification. It is designed for non-fungible tokens and includes a `tokenId` parameter instead of a `value` parameter.",
    "evidence": "The `Approval` event is defined as `event Approval(address indexed owner, address indexed approved, uint256 tokenId)`.",
    "recommendations": [
      "Implement the ERC-20 `Approval` event with the signature `event Approval(address indexed _owner, address indexed _spender, uint256 _value)`.",
      "Ensure the event is emitted for all successful calls to the `approve` function."
    ],
    "fixed_code": null
  }
]