{
  "SourceCode": "pragma solidity ^0.4.16;\r\n\r\n\r\n/**\r\n * @title Ownable\r\n * @dev The Ownable contract has an owner address, and provides basic authorization control \r\n * functions, this simplifies the implementation of \"user permissions\". \r\n */\r\ncontract Ownable {\r\n  address public owner;\r\n\r\n\r\n  /** \r\n   * @dev The Ownable constructor sets the original `owner` of the contract to the sender\r\n   * account.\r\n   */\r\n  function Ownable() {\r\n    owner = msg.sender;\r\n  }\r\n\r\n\r\n  /**\r\n   * @dev Throws if called by any account other than the owner. \r\n   */\r\n  modifier onlyOwner() {\r\n    if (msg.sender != owner) {\r\n      throw;\r\n    }\r\n    _;\r\n  }\r\n\r\n\r\n  /**\r\n   * @dev Allows the current owner to transfer control of the contract to a newOwner.\r\n   * @param newOwner The address to transfer ownership to. \r\n   */\r\n  function transferOwnership(address newOwner) onlyOwner {\r\n    if (newOwner != address(0)) {\r\n      owner = newOwner;\r\n    }\r\n  }\r\n\r\n}\r\n\r\n\r\n\r\n/**\r\n * @title Authorizable\r\n * @dev Allows to authorize access to certain function calls\r\n * \r\n * ABI\r\n * [{\"constant\":true,\"inputs\":[{\"name\":\"authorizerIndex\",\"type\":\"uint256\"}],\"name\":\"getAuthorizer\",\"outputs\":[{\"name\":\"\",\"type\":\"address\"}],\"payable\":false,\"type\":\"function\"},{\"constant\":false,\"inputs\":[{\"name\":\"_addr\",\"type\":\"address\"}],\"name\":\"addAuthorized\",\"outputs\":[],\"payable\":false,\"type\":\"function\"},{\"constant\":true,\"inputs\":[{\"name\":\"_addr\",\"type\":\"address\"}],\"name\":\"isAuthorized\",\"outputs\":[{\"name\":\"\",\"type\":\"bool\"}],\"payable\":false,\"type\":\"function\"},{\"inputs\":[],\"payable\":false,\"type\":\"constructor\"}]\r\n */\r\ncontract Authorizable {\r\n\r\n  address[] authorizers;\r\n  mapping(address => uint) authorizerIndex;\r\n\r\n  /**\r\n   * @dev Throws if called by any account tat is not authorized. \r\n   */\r\n  modifier onlyAuthorized {\r\n    require(isAuthorized(msg.sender));\r\n    _;\r\n  }\r\n\r\n  /**\r\n   * @dev Contructor that authorizes the msg.sender. \r\n   */\r\n  function Authorizable() {\r\n    authorizers.length = 2;\r\n    authorizers[1] = msg.sender;\r\n    authorizerIndex[msg.sender] = 1;\r\n  }\r\n\r\n  /**\r\n   * @dev Function to get a specific authorizer\r\n   * @param authorizerIndex index of the authorizer to be retrieved.\r\n   * @return The address of the authorizer.\r\n   */\r\n  function getAuthorizer(uint authorizerIndex) external constant returns(address) {\r\n    return address(authorizers[authorizerIndex + 1]);\r\n  }\r\n\r\n  /**\r\n   * @dev Function to check if an address is authorized\r\n   * @param _addr the address to check if it is authorized.\r\n   * @return boolean flag if address is authorized.\r\n   */\r\n  function isAuthorized(address _addr) constant returns(bool) {\r\n    return authorizerIndex[_addr] > 0;\r\n  }\r\n\r\n  /**\r\n   * @dev Function to add a new authorizer\r\n   * @param _addr the address to add as a new authorizer.\r\n   */\r\n  function addAuthorized(address _addr) external onlyAuthorized {\r\n    authorizerIndex[_addr] = authorizers.length;\r\n    authorizers.length++;\r\n    authorizers[authorizers.length - 1] = _addr;\r\n  }\r\n\r\n}\r\n\r\n/**\r\n * @title ExchangeRate\r\n * @dev Allows updating and retrieveing of Conversion Rates for PAY tokens\r\n *\r\n * ABI\r\n * [{\"constant\":false,\"inputs\":[{\"name\":\"_symbol\",\"type\":\"string\"},{\"name\":\"_rate\",\"type\":\"uint256\"}],\"name\":\"updateRate\",\"outputs\":[],\"payable\":false,\"type\":\"function\"},{\"constant\":false,\"inputs\":[{\"name\":\"data\",\"type\":\"uint256[]\"}],\"name\":\"updateRates\",\"outputs\":[],\"payable\":false,\"type\":\"function\"},{\"constant\":true,\"inputs\":[{\"name\":\"_symbol\",\"type\":\"string\"}],\"name\":\"getRate\",\"outputs\":[{\"name\":\"\",\"type\":\"uint256\"}],\"payable\":false,\"type\":\"function\"},{\"constant\":true,\"inputs\":[],\"name\":\"owner\",\"outputs\":[{\"name\":\"\",\"type\":\"address\"}],\"payable\":false,\"type\":\"function\"},{\"constant\":true,\"inputs\":[{\"name\":\"\",\"type\":\"bytes32\"}],\"name\":\"rates\",\"outputs\":[{\"name\":\"\",\"type\":\"uint256\"}],\"payable\":false,\"type\":\"function\"},{\"constant\":false,\"inputs\":[{\"name\":\"newOwner\",\"type\":\"address\"}],\"name\":\"transferOwnership\",\"outputs\":[],\"payable\":false,\"type\":\"function\"},{\"anonymous\":false,\"inputs\":[{\"indexed\":false,\"name\":\"timestamp\",\"type\":\"uint256\"},{\"indexed\":false,\"name\":\"symbol\",\"type\":\"bytes32\"},{\"indexed\":false,\"name\":\"rate\",\"type\":\"uint256\"}],\"name\":\"RateUpdated\",\"type\":\"event\"}]\r\n */\r\ncontract ExchangeRate is Ownable {\r\n\r\n  event RateUpdated(uint timestamp, bytes32 symbol, uint rate);\r\n\r\n  mapping(bytes32 => uint) public rates;\r\n\r\n  /**\r\n   * @dev Allows the current owner to update a single rate.\r\n   * @param _symbol The symbol to be updated. \r\n   * @param _rate the rate for the symbol. \r\n   */\r\n  function updateRate(string _symbol, uint _rate) public onlyOwner {\r\n    rates[sha3(_symbol)] = _rate;\r\n    RateUpdated(now, sha3(_symbol), _rate);\r\n  }\r\n\r\n  /**\r\n   * @dev Allows the current owner to update multiple rates.\r\n   * @param data an array that alternates sha3 hashes of the symbol and the corresponding rate . \r\n   */\r\n  function updateRates(uint[] data) public onlyOwner {\r\n    if (data.length % 2 > 0)\r\n      throw;\r\n    uint i = 0;\r\n    while (i < data.length / 2) {\r\n      bytes32 symbol = bytes32(data[i * 2]);\r\n      uint rate = data[i * 2 + 1];\r\n      rates[symbol] = rate;\r\n      RateUpdated(now, symbol, rate);\r\n      i++;\r\n    }\r\n  }\r\n\r\n  /**\r\n   * @dev Allows the anyone to read the current rate.\r\n   * @param _symbol the symbol to be retrieved. \r\n   */\r\n  function getRate(string _symbol) public constant returns(uint) {\r\n    return rates[sha3(_symbol)];\r\n  }\r\n\r\n}\r\n\r\n/**\r\n * Math operations with safety checks\r\n */\r\nlibrary SafeMath {\r\n  function mul(uint a, uint b) internal returns (uint) {\r\n    uint c = a * b;\r\n    assert(a == 0 || c / a == b);\r\n    return c;\r\n  }\r\n\r\n  function div(uint a, uint b) internal returns (uint) {\r\n    // assert(b > 0); // Solidity automatically throws when dividing by 0\r\n    uint c = a / b;\r\n    // assert(a == b * c + a % b); // There is no case in which this doesn't hold\r\n    return c;\r\n  }\r\n\r\n  function sub(uint a, uint b) internal returns (uint) {\r\n    assert(b <= a);\r\n    return a - b;\r\n  }\r\n\r\n  function add(uint a, uint b) internal returns (uint) {\r\n    uint c = a + b;\r\n    assert(c >= a);\r\n    return c;\r\n  }\r\n\r\n  function max64(uint64 a, uint64 b) internal constant returns (uint64) {\r\n    return a >= b ? a : b;\r\n  }\r\n\r\n  function min64(uint64 a, uint64 b) internal constant returns (uint64) {\r\n    return a < b ? a : b;\r\n  }\r\n\r\n  function max256(uint256 a, uint256 b) internal constant returns (uint256) {\r\n    return a >= b ? a : b;\r\n  }\r\n\r\n  function min256(uint256 a, uint256 b) internal constant returns (uint256) {\r\n    return a < b ? a : b;\r\n  }\r\n\r\n  function assert(bool assertion) internal {\r\n    if (!assertion) {\r\n      throw;\r\n    }\r\n  }\r\n}\r\n\r\n\r\n/**\r\n * @title ERC20Basic\r\n * @dev Simpler version of ERC20 interface\r\n * @dev see https://github.com/ethereum/EIPs/issues/20\r\n */\r\ncontract ERC20Basic {\r\n  uint public totalSupply;\r\n  function balanceOf(address who) constant returns (uint);\r\n  function transfer(address to, uint value);\r\n  event Transfer(address indexed from, address indexed to, uint value);\r\n}\r\n\r\n\r\n\r\n\r\n/**\r\n * @title ERC20 interface\r\n * @dev see https://github.com/ethereum/EIPs/issues/20\r\n */\r\ncontract ERC20 is ERC20Basic {\r\n  function allowance(address owner, address spender) constant returns (uint);\r\n  function transferFrom(address from, address to, uint value);\r\n  function approve(address spender, uint value);\r\n  event Approval(address indexed owner, address indexed spender, uint value);\r\n}\r\n\r\n\r\n\r\n\r\n/**\r\n * @title Basic token\r\n * @dev Basic version of StandardToken, with no allowances. \r\n */\r\ncontract BasicToken is ERC20Basic {\r\n  using SafeMath for uint;\r\n\r\n  mapping(address => uint) balances;\r\n\r\n  /**\r\n   * @dev Fix for the ERC20 short address attack.\r\n   */\r\n  modifier onlyPayloadSize(uint size) {\r\n     if(msg.data.length < size + 4) {\r\n       throw;\r\n     }\r\n     _;\r\n  }\r\n\r\n  /**\r\n  * @dev transfer token for a specified address\r\n  * @param _to The address to transfer to.\r\n  * @param _value The amount to be transferred.\r\n  */\r\n  function transfer(address _to, uint _value) onlyPayloadSize(2 * 32) {\r\n    balances[msg.sender] = balances[msg.sender].sub(_value);\r\n    balances[_to] = balances[_to].add(_value);\r\n    Transfer(msg.sender, _to, _value);\r\n  }\r\n\r\n  /**\r\n  * @dev Gets the balance of the specified address.\r\n  * @param _owner The address to query the the balance of. \r\n  * @return An uint representing the amount owned by the passed address.\r\n  */\r\n  function balanceOf(address _owner) constant returns (uint balance) {\r\n    return balances[_owner];\r\n  }\r\n\r\n}\r\n\r\n\r\n\r\n\r\n/**\r\n * @title Standard ERC20 token\r\n *\r\n * @dev Implemantation of the basic standart token.\r\n * @dev https://github.com/ethereum/EIPs/issues/20\r\n * @dev Based on code by FirstBlood: https://github.com/Firstbloodio/token/blob/master/smart_contract/FirstBloodToken.sol\r\n */\r\ncontract StandardToken is BasicToken, ERC20 {\r\n\r\n  mapping (address => mapping (address => uint)) allowed;\r\n\r\n\r\n  /**\r\n   * @dev Transfer tokens from one address to another\r\n   * @param _from address The address which you want to send tokens from\r\n   * @param _to address The address which you want to transfer to\r\n   * @param _value uint the amout of tokens to be transfered\r\n   */\r\n  function transferFrom(address _from, address _to, uint _value) onlyPayloadSize(3 * 32) {\r\n    var _allowance = allowed[_from][msg.sender];\r\n\r\n    // Check is not needed because sub(_allowance, _value) will already throw if this condition is not met\r\n    // if (_value > _allowance) throw;\r\n\r\n    balances[_to] = balances[_to].add(_value);\r\n    balances[_from] = balances[_from].sub(_value);\r\n    allowed[_from][msg.sender] = _allowance.sub(_value);\r\n    Transfer(_from, _to, _value);\r\n  }\r\n\r\n  /**\r\n   * @dev Aprove the passed address to spend the specified amount of tokens on beahlf of msg.sender.\r\n   * @param _spender The address which will spend the funds.\r\n   * @param _value The amount of tokens to be spent.\r\n   */\r\n  function approve(address _spender, uint _value) {\r\n\r\n    // To change the approve amount you first have to reduce the addresses`\r\n    //  allowance to zero by calling `approve(_spender, 0)` if it is not\r\n    //  already 0 to mitigate the race condition described here:\r\n    //  https://github.com/ethereum/EIPs/issues/20#issuecomment-263524729\r\n    if ((_value != 0) && (allowed[msg.sender][_spender] != 0)) throw;\r\n\r\n    allowed[msg.sender][_spender] = _value;\r\n    Approval(msg.sender, _spender, _value);\r\n  }\r\n\r\n  /**\r\n   * @dev Function to check the amount of tokens than an owner allowed to a spender.\r\n   * @param _owner address The address which owns the funds.\r\n   * @param _spender address The address which will spend the funds.\r\n   * @return A uint specifing the amount of tokens still avaible for the spender.\r\n   */\r\n  function allowance(address _owner, address _spender) constant returns (uint remaining) {\r\n    return allowed[_owner][_spender];\r\n  }\r\n\r\n}\r\n\r\n\r\n\r\n\r\n\r\n\r\n/**\r\n * @title Mintable token\r\n * @dev Simple ERC20 Token example, with mintable token creation\r\n * @dev Issue: * https://github.com/OpenZeppelin/zeppelin-solidity/issues/120\r\n * Based on code by TokenMarketNet: https://github.com/TokenMarketNet/ico/blob/master/contracts/MintableToken.sol\r\n */\r\n\r\ncontract MintableToken is StandardToken, Ownable {\r\n  event Mint(address indexed to, uint value);\r\n  event MintFinished();\r\n\r\n  bool public mintingFinished = false;\r\n  uint public totalSupply = 0;\r\n\r\n\r\n  modifier canMint() {\r\n    if(mintingFinished) throw;\r\n    _;\r\n  }\r\n\r\n  /**\r\n   * @dev Function to mint tokens\r\n   * @param _to The address that will recieve the minted tokens.\r\n   * @param _amount The amount of tokens to mint.\r\n   * @return A boolean that indicates if the operation was successful.\r\n   */\r\n  function mint(address _to, uint _amount) onlyOwner canMint returns (bool) {\r\n    totalSupply = totalSupply.add(_amount);\r\n    balances[_to] = balances[_to].add(_amount);\r\n    Mint(_to, _amount);\r\n    return true;\r\n  }\r\n\r\n  /**\r\n   * @dev Function to stop minting new tokens.\r\n   * @return True if the operation was successful.\r\n   */\r\n  function finishMinting() onlyOwner returns (bool) {\r\n    mintingFinished = true;\r\n    MintFinished();\r\n    return true;\r\n  }\r\n}\r\n\r\n\r\n/**\r\n * @title PayToken\r\n * @dev The main PAY token contract\r\n * \r\n * ABI \r\n * [{\"constant\":true,\"inputs\":[],\"name\":\"mintingFinished\",\"outputs\":[{\"name\":\"\",\"type\":\"bool\"}],\"payable\":false,\"type\":\"function\"},{\"constant\":true,\"inputs\":[],\"name\":\"name\",\"outputs\":[{\"name\":\"\",\"type\":\"string\"}],\"payable\":false,\"type\":\"function\"},{\"constant\":false,\"inputs\":[{\"name\":\"_spender\",\"type\":\"address\"},{\"name\":\"_value\",\"type\":\"uint256\"}],\"name\":\"approve\",\"outputs\":[],\"payable\":false,\"type\":\"function\"},{\"constant\":true,\"inputs\":[],\"name\":\"totalSupply\",\"outputs\":[{\"name\":\"\",\"type\":\"uint256\"}],\"payable\":false,\"type\":\"function\"},{\"constant\":false,\"inputs\":[{\"name\":\"_from\",\"type\":\"address\"},{\"name\":\"_to\",\"type\":\"address\"},{\"name\":\"_value\",\"type\":\"uint256\"}],\"name\":\"transferFrom\",\"outputs\":[],\"payable\":false,\"type\":\"function\"},{\"constant\":false,\"inputs\":[],\"name\":\"startTrading\",\"outputs\":[],\"payable\":false,\"type\":\"function\"},{\"constant\":true,\"inputs\":[],\"name\":\"decimals\",\"outputs\":[{\"name\":\"\",\"type\":\"uint256\"}],\"payable\":false,\"type\":\"function\"},{\"constant\":false,\"inputs\":[{\"name\":\"_to\",\"type\":\"address\"},{\"name\":\"_amount\",\"type\":\"uint256\"}],\"name\":\"mint\",\"outputs\":[{\"name\":\"\",\"type\":\"bool\"}],\"payable\":false,\"type\":\"function\"},{\"constant\":true,\"inputs\":[],\"name\":\"tradingStarted\",\"outputs\":[{\"name\":\"\",\"type\":\"bool\"}],\"payable\":false,\"type\":\"function\"},{\"constant\":true,\"inputs\":[{\"name\":\"_owner\",\"type\":\"address\"}],\"name\":\"balanceOf\",\"outputs\":[{\"name\":\"balance\",\"type\":\"uint256\"}],\"payable\":false,\"type\":\"function\"},{\"constant\":false,\"inputs\":[],\"name\":\"finishMinting\",\"outputs\":[{\"name\":\"\",\"type\":\"bool\"}],\"payable\":false,\"type\":\"function\"},{\"constant\":true,\"inputs\":[],\"name\":\"owner\",\"outputs\":[{\"name\":\"\",\"type\":\"address\"}],\"payable\":false,\"type\":\"function\"},{\"constant\":true,\"inputs\":[],\"name\":\"symbol\",\"outputs\":[{\"name\":\"\",\"type\":\"string\"}],\"payable\":false,\"type\":\"function\"},{\"constant\":false,\"inputs\":[{\"name\":\"_to\",\"type\":\"address\"},{\"name\":\"_value\",\"type\":\"uint256\"}],\"name\":\"transfer\",\"outputs\":[],\"payable\":false,\"type\":\"function\"},{\"constant\":true,\"inputs\":[{\"name\":\"_owner\",\"type\":\"address\"},{\"name\":\"_spender\",\"type\":\"address\"}],\"name\":\"allowance\",\"outputs\":[{\"name\":\"remaining\",\"type\":\"uint256\"}],\"payable\":false,\"type\":\"function\"},{\"constant\":false,\"inputs\":[{\"name\":\"newOwner\",\"type\":\"address\"}],\"name\":\"transferOwnership\",\"outputs\":[],\"payable\":false,\"type\":\"function\"},{\"anonymous\":false,\"inputs\":[{\"indexed\":true,\"name\":\"to\",\"type\":\"address\"},{\"indexed\":false,\"name\":\"value\",\"type\":\"uint256\"}],\"name\":\"Mint\",\"type\":\"event\"},{\"anonymous\":false,\"inputs\":[],\"name\":\"MintFinished\",\"type\":\"event\"},{\"anonymous\":false,\"inputs\":[{\"indexed\":true,\"name\":\"owner\",\"type\":\"address\"},{\"indexed\":true,\"name\":\"spender\",\"type\":\"address\"},{\"indexed\":false,\"name\":\"value\",\"type\":\"uint256\"}],\"name\":\"Approval\",\"type\":\"event\"},{\"anonymous\":false,\"inputs\":[{\"indexed\":true,\"name\":\"from\",\"type\":\"address\"},{\"indexed\":true,\"name\":\"to\",\"type\":\"address\"},{\"indexed\":false,\"name\":\"value\",\"type\":\"uint256\"}],\"name\":\"Transfer\",\"type\":\"event\"}]\r\n */\r\ncontract ICOToken is MintableToken {\r\n\r\n  string public name = \"ICO Token\";\r\n  string public symbol = \"ICT\";\r\n  uint public decimals = 18;\r\n\r\n  bool public tradingStarted = false;\r\n\r\n  /**\r\n   * @dev modifier that throws if trading has not started yet\r\n   */\r\n  modifier hasStartedTrading() {\r\n    require(tradingStarted);\r\n    _;\r\n  }\r\n\r\n  /**\r\n   * @dev Allows the owner to enable the trading. This can not be undone\r\n   */\r\n  function startTrading() onlyOwner {\r\n    tradingStarted = true;\r\n  }\r\n\r\n  /**\r\n   * @dev Allows anyone to transfer the PAY tokens once trading has started\r\n   * @param _to the recipient address of the tokens. \r\n   * @param _value number of tokens to be transfered. \r\n   */\r\n  function transfer(address _to, uint _value) hasStartedTrading {\r\n    super.transfer(_to, _value);\r\n  }\r\n\r\n   /**\r\n   * @dev Allows anyone to transfer the PAY tokens once trading has started\r\n   * @param _from address The address which you want to send tokens from\r\n   * @param _to address The address which you want to transfer to\r\n   * @param _value uint the amout of tokens to be transfered\r\n   */\r\n  function transferFrom(address _from, address _to, uint _value) hasStartedTrading {\r\n    super.transferFrom(_from, _to, _value);\r\n  }\r\n\r\n}\r\n\r\n\r\n/**\r\n * @title MainSale\r\n * @dev The main PAY token sale contract\r\n * \r\n * ABI\r\n * [{\"constant\":false,\"inputs\":[{\"name\":\"_multisigVault\",\"type\":\"address\"}],\"name\":\"setMultisigVault\",\"outputs\":[],\"payable\":false,\"type\":\"function\"},{\"constant\":true,\"inputs\":[{\"name\":\"authorizerIndex\",\"type\":\"uint256\"}],\"name\":\"getAuthorizer\",\"outputs\":[{\"name\":\"\",\"type\":\"address\"}],\"payable\":false,\"type\":\"function\"},{\"constant\":true,\"inputs\":[],\"name\":\"exchangeRate\",\"outputs\":[{\"name\":\"\",\"type\":\"address\"}],\"payable\":false,\"type\":\"function\"},{\"constant\":true,\"inputs\":[],\"name\":\"altDeposits\",\"outputs\":[{\"name\":\"\",\"type\":\"uint256\"}],\"payable\":false,\"type\":\"function\"},{\"constant\":false,\"inputs\":[{\"name\":\"recipient\",\"type\":\"address\"},{\"name\":\"tokens\",\"type\":\"uint256\"}],\"name\":\"authorizedCreateTokens\",\"outputs\":[],\"payable\":false,\"type\":\"function\"},{\"constant\":false,\"inputs\":[],\"name\":\"finishMinting\",\"outputs\":[],\"payable\":false,\"type\":\"function\"},{\"constant\":true,\"inputs\":[],\"name\":\"owner\",\"outputs\":[{\"name\":\"\",\"type\":\"address\"}],\"payable\":false,\"type\":\"function\"},{\"constant\":false,\"inputs\":[{\"name\":\"_exchangeRate\",\"type\":\"address\"}],\"name\":\"setExchangeRate\",\"outputs\":[],\"payable\":false,\"type\":\"function\"},{\"constant\":false,\"inputs\":[{\"name\":\"_token\",\"type\":\"address\"}],\"name\":\"retrieveTokens\",\"outputs\":[],\"payable\":false,\"type\":\"function\"},{\"constant\":false,\"inputs\":[{\"name\":\"totalAltDeposits\",\"type\":\"uint256\"}],\"name\":\"setAltDeposit\",\"outputs\":[],\"payable\":false,\"type\":\"function\"},{\"constant\":true,\"inputs\":[],\"name\":\"start\",\"outputs\":[{\"name\":\"\",\"type\":\"uint256\"}],\"payable\":false,\"type\":\"function\"},{\"constant\":false,\"inputs\":[{\"name\":\"recipient\",\"type\":\"address\"}],\"name\":\"createTokens\",\"outputs\":[],\"payable\":true,\"type\":\"function\"},{\"constant\":false,\"inputs\":[{\"name\":\"_addr\",\"type\":\"address\"}],\"name\":\"addAuthorized\",\"outputs\":[],\"payable\":false,\"type\":\"function\"},{\"constant\":true,\"inputs\":[],\"name\":\"multisigVault\",\"outputs\":[{\"name\":\"\",\"type\":\"address\"}],\"payable\":false,\"type\":\"function\"},{\"constant\":false,\"inputs\":[{\"name\":\"_hardcap\",\"type\":\"uint256\"}],\"name\":\"setHardCap\",\"outputs\":[],\"payable\":false,\"type\":\"function\"},{\"constant\":false,\"inputs\":[{\"name\":\"newOwner\",\"type\":\"address\"}],\"name\":\"transferOwnership\",\"outputs\":[],\"payable\":false,\"type\":\"function\"},{\"constant\":false,\"inputs\":[{\"name\":\"_start\",\"type\":\"uint256\"}],\"name\":\"setStart\",\"outputs\":[],\"payable\":false,\"type\":\"function\"},{\"constant\":true,\"inputs\":[],\"name\":\"token\",\"outputs\":[{\"name\":\"\",\"type\":\"address\"}],\"payable\":false,\"type\":\"function\"},{\"constant\":true,\"inputs\":[{\"name\":\"_addr\",\"type\":\"address\"}],\"name\":\"isAuthorized\",\"outputs\":[{\"name\":\"\",\"type\":\"bool\"}],\"payable\":false,\"type\":\"function\"},{\"payable\":true,\"type\":\"fallback\"},{\"anonymous\":false,\"inputs\":[{\"indexed\":false,\"name\":\"recipient\",\"type\":\"address\"},{\"indexed\":false,\"name\":\"ether_amount\",\"type\":\"uint256\"},{\"indexed\":false,\"name\":\"pay_amount\",\"type\":\"uint256\"},{\"indexed\":false,\"name\":\"exchangerate\",\"type\":\"uint256\"}],\"name\":\"TokenSold\",\"type\":\"event\"},{\"anonymous\":false,\"inputs\":[{\"indexed\":false,\"name\":\"recipient\",\"type\":\"address\"},{\"indexed\":false,\"name\":\"pay_amount\",\"type\":\"uint256\"}],\"name\":\"AuthorizedCreate\",\"type\":\"event\"},{\"anonymous\":false,\"inputs\":[],\"name\":\"MainSaleClosed\",\"type\":\"event\"}]\r\n */\r\ncontract MainSale is Ownable, Authorizable {\r\n  using SafeMath for uint;\r\n  event TokenSold(address recipient, uint ether_amount, uint pay_amount, uint exchangerate);\r\n  event AuthorizedCreate(address recipient, uint pay_amount);\r\n  event MainSaleClosed();\r\n\r\n  ICOToken public token = new ICOToken();\r\n\r\n  address public multisigVault;\r\n\r\n  uint hardcap = 10000 ether;\r\n  ExchangeRate public exchangeRate;\r\n\r\n  uint public altDeposits = 0;\r\n  uint public start = 1498302000; //new Date(\"Jun 24 2017 11:00:00 GMT\").getTime() / 1000\r\n\r\n  /**\r\n   * @dev modifier to allow token creation only when the sale IS ON\r\n   */\r\n  modifier saleIsOn() {\r\n    require(now > start && now < start + 365 days);\r\n    _;\r\n  }\r\n\r\n  /**\r\n   * @dev modifier to allow token creation only when the hardcap has not been reached\r\n   */\r\n  modifier isUnderHardCap() {\r\n    require(multisigVault.balance + altDeposits <= hardcap);\r\n    _;\r\n  }\r\n\r\n  /**\r\n   * @dev Allows anyone to create tokens by depositing ether.\r\n   * @param recipient the recipient to receive tokens. \r\n   */\r\n  function createTokens(address recipient) public isUnderHardCap saleIsOn payable {\r\n    uint rate = exchangeRate.getRate(\"ETH\");\r\n    uint tokens = rate.mul(msg.value).div(1 ether);\r\n    token.mint(recipient, tokens);\r\n    require(multisigVault.send(msg.value));\r\n    TokenSold(recipient, msg.value, tokens, rate);\r\n  }\r\n\r\n\r\n  /**\r\n   * @dev Allows to set the toal alt deposit measured in ETH to make sure the hardcap includes other deposits\r\n   * @param totalAltDeposits total amount ETH equivalent\r\n   */\r\n  function setAltDeposit(uint totalAltDeposits) public onlyOwner {\r\n    altDeposits = totalAltDeposits;\r\n  }\r\n\r\n  /**\r\n   * @dev Allows authorized acces to create tokens. This is used for Bitcoin and ERC20 deposits\r\n   * @param recipient the recipient to receive tokens.\r\n   * @param tokens number of tokens to be created. \r\n   */\r\n  function authorizedCreateTokens(address recipient, uint tokens) public onlyAuthorized {\r\n    token.mint(recipient, tokens);\r\n    AuthorizedCreate(recipient, tokens);\r\n  }\r\n\r\n  /**\r\n   * @dev Allows the owner to set the hardcap.\r\n   * @param _hardcap the new hardcap\r\n   */\r\n  function setHardCap(uint _hardcap) public onlyOwner {\r\n    hardcap = _hardcap;\r\n  }\r\n\r\n  /**\r\n   * @dev Allows the owner to set the starting time.\r\n   * @param _start the new _start\r\n   */\r\n  function setStart(uint _start) public onlyOwner {\r\n    start = _start;\r\n  }\r\n\r\n  /**\r\n   * @dev Allows the owner to set the multisig contract.\r\n   * @param _multisigVault the multisig contract address\r\n   */\r\n  function setMultisigVault(address _multisigVault) public onlyOwner {\r\n    if (_multisigVault != address(0)) {\r\n      multisigVault = _multisigVault;\r\n    }\r\n  }\r\n\r\n  /**\r\n   * @dev Allows the owner to set the exchangerate contract.\r\n   * @param _exchangeRate the exchangerate address\r\n   */\r\n  function setExchangeRate(address _exchangeRate) public onlyOwner {\r\n    exchangeRate = ExchangeRate(_exchangeRate);\r\n  }\r\n\r\n  /**\r\n   * @dev Allows the owner to finish the minting. This will create the \r\n   * restricted tokens and then close the minting.\r\n   * Then the ownership of the PAY token contract is transfered \r\n   * to this owner.\r\n   */\r\n  function finishMinting() public onlyOwner {\r\n    uint issuedTokenSupply = token.totalSupply();\r\n    uint restrictedTokens = issuedTokenSupply.mul(49).div(51);\r\n    token.mint(multisigVault, restrictedTokens);\r\n    token.finishMinting();\r\n    token.transferOwnership(owner);\r\n    MainSaleClosed();\r\n  }\r\n\r\n  /**\r\n   * @dev Allows the owner to transfer ERC20 tokens to the multi sig vault\r\n   * @param _token the contract address of the ERC20 contract\r\n   */\r\n  function retrieveTokens(address _token) public onlyOwner {\r\n    ERC20 token = ERC20(_token);\r\n    token.transfer(multisigVault, token.balanceOf(this));\r\n  }\r\n\r\n  /**\r\n   * @dev Fallback function which receives ether and created the appropriate number of tokens for the \r\n   * msg.sender.\r\n   */\r\n  function() external payable {\r\n    createTokens(msg.sender);\r\n  }\r\n\r\n}",
  "ABI": "[{\"constant\":false,\"inputs\":[{\"name\":\"_multisigVault\",\"type\":\"address\"}],\"name\":\"setMultisigVault\",\"outputs\":[],\"payable\":false,\"stateMutability\":\"nonpayable\",\"type\":\"function\"},{\"constant\":true,\"inputs\":[{\"name\":\"authorizerIndex\",\"type\":\"uint256\"}],\"name\":\"getAuthorizer\",\"outputs\":[{\"name\":\"\",\"type\":\"address\"}],\"payable\":false,\"stateMutability\":\"view\",\"type\":\"function\"},{\"constant\":true,\"inputs\":[],\"name\":\"exchangeRate\",\"outputs\":[{\"name\":\"\",\"type\":\"address\"}],\"payable\":false,\"stateMutability\":\"view\",\"type\":\"function\"},{\"constant\":true,\"inputs\":[],\"name\":\"altDeposits\",\"outputs\":[{\"name\":\"\",\"type\":\"uint256\"}],\"payable\":false,\"stateMutability\":\"view\",\"type\":\"function\"},{\"constant\":false,\"inputs\":[{\"name\":\"recipient\",\"type\":\"address\"},{\"name\":\"tokens\",\"type\":\"uint256\"}],\"name\":\"authorizedCreateTokens\",\"outputs\":[],\"payable\":false,\"stateMutability\":\"nonpayable\",\"type\":\"function\"},{\"constant\":false,\"inputs\":[],\"name\":\"finishMinting\",\"outputs\":[],\"payable\":false,\"stateMutability\":\"nonpayable\",\"type\":\"function\"},{\"constant\":true,\"inputs\":[],\"name\":\"owner\",\"outputs\":[{\"name\":\"\",\"type\":\"address\"}],\"payable\":false,\"stateMutability\":\"view\",\"type\":\"function\"},{\"constant\":false,\"inputs\":[{\"name\":\"_exchangeRate\",\"type\":\"address\"}],\"name\":\"setExchangeRate\",\"outputs\":[],\"payable\":false,\"stateMutability\":\"nonpayable\",\"type\":\"function\"},{\"constant\":false,\"inputs\":[{\"name\":\"_token\",\"type\":\"address\"}],\"name\":\"retrieveTokens\",\"outputs\":[],\"payable\":false,\"stateMutability\":\"nonpayable\",\"type\":\"function\"},{\"constant\":false,\"inputs\":[{\"name\":\"totalAltDeposits\",\"type\":\"uint256\"}],\"name\":\"setAltDeposit\",\"outputs\":[],\"payable\":false,\"stateMutability\":\"nonpayable\",\"type\":\"function\"},{\"constant\":true,\"inputs\":[],\"name\":\"start\",\"outputs\":[{\"name\":\"\",\"type\":\"uint256\"}],\"payable\":false,\"stateMutability\":\"view\",\"type\":\"function\"},{\"constant\":false,\"inputs\":[{\"name\":\"recipient\",\"type\":\"address\"}],\"name\":\"createTokens\",\"outputs\":[],\"payable\":true,\"stateMutability\":\"payable\",\"type\":\"function\"},{\"constant\":false,\"inputs\":[{\"name\":\"_addr\",\"type\":\"address\"}],\"name\":\"addAuthorized\",\"outputs\":[],\"payable\":false,\"stateMutability\":\"nonpayable\",\"type\":\"function\"},{\"constant\":true,\"inputs\":[],\"name\":\"multisigVault\",\"outputs\":[{\"name\":\"\",\"type\":\"address\"}],\"payable\":false,\"stateMutability\":\"view\",\"type\":\"function\"},{\"constant\":false,\"inputs\":[{\"name\":\"_hardcap\",\"type\":\"uint256\"}],\"name\":\"setHardCap\",\"outputs\":[],\"payable\":false,\"stateMutability\":\"nonpayable\",\"type\":\"function\"},{\"constant\":false,\"inputs\":[{\"name\":\"newOwner\",\"type\":\"address\"}],\"name\":\"transferOwnership\",\"outputs\":[],\"payable\":false,\"stateMutability\":\"nonpayable\",\"type\":\"function\"},{\"constant\":false,\"inputs\":[{\"name\":\"_start\",\"type\":\"uint256\"}],\"name\":\"setStart\",\"outputs\":[],\"payable\":false,\"stateMutability\":\"nonpayable\",\"type\":\"function\"},{\"constant\":true,\"inputs\":[],\"name\":\"token\",\"outputs\":[{\"name\":\"\",\"type\":\"address\"}],\"payable\":false,\"stateMutability\":\"view\",\"type\":\"function\"},{\"constant\":true,\"inputs\":[{\"name\":\"_addr\",\"type\":\"address\"}],\"name\":\"isAuthorized\",\"outputs\":[{\"name\":\"\",\"type\":\"bool\"}],\"payable\":false,\"stateMutability\":\"view\",\"type\":\"function\"},{\"payable\":true,\"stateMutability\":\"payable\",\"type\":\"fallback\"},{\"anonymous\":false,\"inputs\":[{\"indexed\":false,\"name\":\"recipient\",\"type\":\"address\"},{\"indexed\":false,\"name\":\"ether_amount\",\"type\":\"uint256\"},{\"indexed\":false,\"name\":\"pay_amount\",\"type\":\"uint256\"},{\"indexed\":false,\"name\":\"exchangerate\",\"type\":\"uint256\"}],\"name\":\"TokenSold\",\"type\":\"event\"},{\"anonymous\":false,\"inputs\":[{\"indexed\":false,\"name\":\"recipient\",\"type\":\"address\"},{\"indexed\":false,\"name\":\"pay_amount\",\"type\":\"uint256\"}],\"name\":\"AuthorizedCreate\",\"type\":\"event\"},{\"anonymous\":false,\"inputs\":[],\"name\":\"MainSaleClosed\",\"type\":\"event\"}]",
  "ContractName": "MainSale",
  "CompilerVersion": "v0.4.18+commit.9cf6e910",
  "CompilerType": "solc",
  "OptimizationUsed": "1",
  "Runs": "200",
  "ConstructorArguments": "",
  "EVMVersion": "Default",
  "Library": "",
  "ContractFileName": "",
  "LicenseType": "",
  "Proxy": "0",
  "Implementation": "",
  "SwarmSource": "bzzr://05c470928649013dbfd2c42e8e92337d348a0098570af3382d2c584aaf322d1d",
  "SimilarMatch": ""
}