{
  "SourceCode": "pragma solidity ^0.4.18;\r\n\r\ncontract Ownable {\r\n  address public owner;\r\n  address public newOwner;\r\n  event OwnershipTransferred(address indexed _from, address indexed _to);\r\n  function Ownable() public {\r\n    owner = msg.sender;\r\n  }\r\n  modifier onlyOwner {\r\n    require(msg.sender == owner);\r\n    _;\r\n  }\r\n  function transferOwnership(address _newOwner) public onlyOwner {\r\n    newOwner = _newOwner;\r\n  }\r\n\r\n  function acceptOwnership() public {\r\n    require(msg.sender == newOwner);\r\n    OwnershipTransferred(owner, newOwner);\r\n    owner = newOwner;\r\n  }\r\n  \r\n}\r\n\r\ncontract ERC20Basic {\r\n  uint256 public totalSupply;\r\n  function balanceOf(address who) public view returns (uint256);\r\n  function transfer(address to, uint256 value) public returns (bool);\r\n  event Transfer(address indexed from, address indexed to, uint256 value);\r\n}\r\n\r\ncontract ERC20 is ERC20Basic {\r\n  function allowance(address owner, address spender) public view returns (uint256);\r\n  function transferFrom(address from, address to, uint256 value) public returns (bool);\r\n  function approve(address spender, uint256 value) public returns (bool);\r\n  event Approval(address indexed owner, address indexed spender, uint256 value);\r\n}\r\n\r\ncontract AirdropFinalSHK is Ownable{\r\n    ERC20 public token;\r\n    address public creator;\r\n    \r\n    event LogAccountAmount(address indexed user, uint256 indexed amount);\r\n\r\n    function AirdropFinalSHK(address _token) public {\r\n        token = ERC20(_token);\r\n        owner = msg.sender;\r\n    }\r\n\r\n    function setToken(address _token) public {\r\n        token = ERC20(_token);\r\n    }\r\n\r\n    // Uses transferFrom so you'll need to approve some tokens before this one to\r\n    // this contract address\r\n    function startAirdropFrom(address _fromAddr, address[] users, uint256 amounts) public onlyOwner {\r\n        for(uint256 i = 0; i < users.length; i++) {\r\n            \r\n            LogAccountAmount(users[i], amounts);\r\n\r\n            token.transferFrom(_fromAddr, users[i], amounts);\r\n        }\r\n    }\r\n    \r\n    function startAirdrop(address[] _user, uint256 _amount) public onlyOwner {\r\n    \tfor(uint256 i = 0; i < _user.length; i++) {\r\n        \ttoken.transfer(_user[i], _amount);\r\n        }\r\n    }\r\n    function removeContract() public onlyOwner {\r\n            selfdestruct(msg.sender);\r\n            \r\n        }\r\n}",
  "ABI": "[{\"constant\":true,\"inputs\":[],\"name\":\"creator\",\"outputs\":[{\"name\":\"\",\"type\":\"address\"}],\"payable\":false,\"stateMutability\":\"view\",\"type\":\"function\"},{\"constant\":false,\"inputs\":[{\"name\":\"_token\",\"type\":\"address\"}],\"name\":\"setToken\",\"outputs\":[],\"payable\":false,\"stateMutability\":\"nonpayable\",\"type\":\"function\"},{\"constant\":false,\"inputs\":[],\"name\":\"acceptOwnership\",\"outputs\":[],\"payable\":false,\"stateMutability\":\"nonpayable\",\"type\":\"function\"},{\"constant\":true,\"inputs\":[],\"name\":\"owner\",\"outputs\":[{\"name\":\"\",\"type\":\"address\"}],\"payable\":false,\"stateMutability\":\"view\",\"type\":\"function\"},{\"constant\":false,\"inputs\":[{\"name\":\"_fromAddr\",\"type\":\"address\"},{\"name\":\"users\",\"type\":\"address[]\"},{\"name\":\"amounts\",\"type\":\"uint256\"}],\"name\":\"startAirdropFrom\",\"outputs\":[],\"payable\":false,\"stateMutability\":\"nonpayable\",\"type\":\"function\"},{\"constant\":true,\"inputs\":[],\"name\":\"newOwner\",\"outputs\":[{\"name\":\"\",\"type\":\"address\"}],\"payable\":false,\"stateMutability\":\"view\",\"type\":\"function\"},{\"constant\":false,\"inputs\":[{\"name\":\"_user\",\"type\":\"address[]\"},{\"name\":\"_amount\",\"type\":\"uint256\"}],\"name\":\"startAirdrop\",\"outputs\":[],\"payable\":false,\"stateMutability\":\"nonpayable\",\"type\":\"function\"},{\"constant\":false,\"inputs\":[{\"name\":\"_newOwner\",\"type\":\"address\"}],\"name\":\"transferOwnership\",\"outputs\":[],\"payable\":false,\"stateMutability\":\"nonpayable\",\"type\":\"function\"},{\"constant\":true,\"inputs\":[],\"name\":\"token\",\"outputs\":[{\"name\":\"\",\"type\":\"address\"}],\"payable\":false,\"stateMutability\":\"view\",\"type\":\"function\"},{\"constant\":false,\"inputs\":[],\"name\":\"removeContract\",\"outputs\":[],\"payable\":false,\"stateMutability\":\"nonpayable\",\"type\":\"function\"},{\"inputs\":[{\"name\":\"_token\",\"type\":\"address\"}],\"payable\":false,\"stateMutability\":\"nonpayable\",\"type\":\"constructor\"},{\"anonymous\":false,\"inputs\":[{\"indexed\":true,\"name\":\"user\",\"type\":\"address\"},{\"indexed\":true,\"name\":\"amount\",\"type\":\"uint256\"}],\"name\":\"LogAccountAmount\",\"type\":\"event\"},{\"anonymous\":false,\"inputs\":[{\"indexed\":true,\"name\":\"_from\",\"type\":\"address\"},{\"indexed\":true,\"name\":\"_to\",\"type\":\"address\"}],\"name\":\"OwnershipTransferred\",\"type\":\"event\"}]",
  "ContractName": "AirdropFinalSHK",
  "CompilerVersion": "v0.4.19+commit.c4cbbb05",
  "CompilerType": "solc",
  "OptimizationUsed": "1",
  "Runs": "200",
  "ConstructorArguments": "000000000000000000000000ebe4a49df7885d015329c919bf43e6460a858f1e",
  "EVMVersion": "Default",
  "Library": "",
  "ContractFileName": "",
  "LicenseType": "",
  "Proxy": "0",
  "Implementation": "",
  "SwarmSource": "bzzr://b5c6153bea08ca426879844f32055989d3dbf051a677c28bac58d710913026d8",
  "SimilarMatch": ""
}