{
  "SourceCode": "pragma solidity ^0.4.13;\r\n\r\n// The IPOcoinHotelShares contract\r\n// +35799057557\r\n// \u00a9IT Consulting Group Ltd\r\n// There is no law stronger than the code\r\n\r\nlibrary SafeMath {\r\n  function mul(uint a, uint b) internal returns (uint) {\r\n    uint c = a * b;\r\n    assert(a == 0 || c / a == b);\r\n    return c;\r\n  }\r\n  function div(uint a, uint b) internal returns (uint) {\r\n    assert(b > 0);\r\n    uint c = a / b;\r\n    assert(a == b * c + a % b);\r\n    return c;\r\n  }\r\n  function sub(uint a, uint b) internal returns (uint) {\r\n    assert(b <= a);\r\n    return a - b;\r\n  }\r\n  function add(uint a, uint b) internal returns (uint) {\r\n    uint c = a + b;\r\n    assert(c >= a);\r\n    return c;\r\n  }\r\n  function max64(uint64 a, uint64 b) internal constant returns (uint64) {\r\n    return a >= b ? a : b;\r\n  }\r\n  function min64(uint64 a, uint64 b) internal constant returns (uint64) {\r\n    return a < b ? a : b;\r\n  }\r\n  function max256(uint256 a, uint256 b) internal constant returns (uint256) {\r\n    return a >= b ? a : b;\r\n  }\r\n  function min256(uint256 a, uint256 b) internal constant returns (uint256) {\r\n    return a < b ? a : b;\r\n  }\r\n  function assert(bool assertion) internal {\r\n    if (!assertion) {\r\n      throw;\r\n    }\r\n  }\r\n}\r\ncontract Ownable {\r\n    address public owner;\r\n    function Ownable() {\r\n        owner = msg.sender;\r\n    }\r\n    modifier onlyOwner {\r\n        if (msg.sender != owner) throw;\r\n        _;\r\n    }\r\n    function transferOwnership(address newOwner) onlyOwner {\r\n        if (newOwner != address(0)) {\r\n            owner = newOwner;\r\n        }\r\n    }\r\n}\r\n\r\ncontract ERC20Basic {\r\n  uint public totalSupply;\r\n  function balanceOf(address who) constant returns (uint);\r\n  function transfer(address to, uint value);\r\n  event Transfer(address indexed from, address indexed to, uint value);\r\n}\r\ncontract ERC20 is ERC20Basic {\r\n  function allowance(address owner, address spender) constant returns (uint);\r\n  function transferFrom(address from, address to, uint value);\r\n  function approve(address spender, uint value);\r\n  event Approval(address indexed owner, address indexed spender, uint value);\r\n}\r\n\r\ncontract SharesContract is ERC20Basic {\r\n  \r\n  using SafeMath for uint;\r\n  \r\n  mapping(address => uint) balances;\r\n  \r\n  /*\r\n   * Fix for the ERC20 short address attack  \r\n  */\r\n  modifier onlyPayloadSize(uint size) {\r\n     if(msg.data.length < size + 4) {\r\n       throw;\r\n     }\r\n     _;\r\n  }\r\n  function transfer(address _to, uint _value) onlyPayloadSize(2 * 32) {\r\n    balances[msg.sender] = balances[msg.sender].sub(_value);\r\n    balances[_to] = balances[_to].add(_value);\r\n    Transfer(msg.sender, _to, _value);\r\n  }\r\n  function balanceOf(address _owner) constant returns (uint balance) {\r\n    return balances[_owner];\r\n  }\r\n}\r\ncontract StandardToken is SharesContract, ERC20 {\r\n  mapping (address => mapping (address => uint)) allowed;\r\n  function transferFrom(address _from, address _to, uint _value) onlyPayloadSize(3 * 32) {\r\n    var _allowance = allowed[_from][msg.sender];\r\n    // Check is not needed because sub(_allowance, _value) will already throw if this condition is not met\r\n    // if (_value > _allowance) throw;\r\n    balances[_to] = balances[_to].add(_value);\r\n    balances[_from] = balances[_from].sub(_value);\r\n    allowed[_from][msg.sender] = _allowance.sub(_value);\r\n    Transfer(_from, _to, _value);\r\n  }\r\n  function approve(address _spender, uint _value) {\r\n    // To change the approve amount you first have to reduce the addresses`\r\n    //  allowance to zero by calling `approve(_spender, 0)` if it is not\r\n    //  already 0 to mitigate the race condition described here:\r\n    //  https://github.com/ethereum/EIPs/issues/20#issuecomment-263524729\r\n    if ((_value != 0) && (allowed[msg.sender][_spender] != 0)) throw;\r\n    allowed[msg.sender][_spender] = _value;\r\n    Approval(msg.sender, _spender, _value);\r\n  }\r\n  function allowance(address _owner, address _spender) constant returns (uint remaining) {\r\n    return allowed[_owner][_spender];\r\n  }\r\n}\r\n\r\n/* \u00a9IT Consulting Group Ltd\r\n  Oversees projects for investment\r\n  The company owns factories, hotels, land for construction in England, France, Cyprus, and Ukraine.\r\n  Clients are offered the opportunity to participate in projects both at the initial stages of construction and to buy out ready-made projects that are fully profitable.\r\n  The company has a registration in Cyprus. \r\n  Based on legal contracts, the company's activities are carried out. \r\n  We cooperate with real estate management companies around the world, so our clients never have any problems with real estate management.\r\n  IPOcoinHotelShares contract. Implements\r\n  @notice See https://github.com/ethereum/EIPs/issues/20\r\n */\r\n \r\ncontract IPOcoinHotelShares is StandardToken, Ownable {\r\n  string public constant name = \"IPOcoinHotelShares\";\r\n  string public constant symbol = \"HotelShares\";\r\n  uint public constant decimals = 6;\r\n  // Constructor\r\n  function IPOcoinHotelShares() {\r\n      totalSupply = 210 * 10 ** decimals; //  amount of shares offered to the public\r\n      balances[msg.sender] = totalSupply; //there are only 210 shares\r\n  }\r\n}",
  "ABI": "[{\"constant\":true,\"inputs\":[],\"name\":\"name\",\"outputs\":[{\"name\":\"\",\"type\":\"string\"}],\"payable\":false,\"type\":\"function\"},{\"constant\":false,\"inputs\":[{\"name\":\"_spender\",\"type\":\"address\"},{\"name\":\"_value\",\"type\":\"uint256\"}],\"name\":\"approve\",\"outputs\":[],\"payable\":false,\"type\":\"function\"},{\"constant\":true,\"inputs\":[],\"name\":\"totalSupply\",\"outputs\":[{\"name\":\"\",\"type\":\"uint256\"}],\"payable\":false,\"type\":\"function\"},{\"constant\":false,\"inputs\":[{\"name\":\"_from\",\"type\":\"address\"},{\"name\":\"_to\",\"type\":\"address\"},{\"name\":\"_value\",\"type\":\"uint256\"}],\"name\":\"transferFrom\",\"outputs\":[],\"payable\":false,\"type\":\"function\"},{\"constant\":true,\"inputs\":[],\"name\":\"decimals\",\"outputs\":[{\"name\":\"\",\"type\":\"uint256\"}],\"payable\":false,\"type\":\"function\"},{\"constant\":true,\"inputs\":[{\"name\":\"_owner\",\"type\":\"address\"}],\"name\":\"balanceOf\",\"outputs\":[{\"name\":\"balance\",\"type\":\"uint256\"}],\"payable\":false,\"type\":\"function\"},{\"constant\":true,\"inputs\":[],\"name\":\"owner\",\"outputs\":[{\"name\":\"\",\"type\":\"address\"}],\"payable\":false,\"type\":\"function\"},{\"constant\":true,\"inputs\":[],\"name\":\"symbol\",\"outputs\":[{\"name\":\"\",\"type\":\"string\"}],\"payable\":false,\"type\":\"function\"},{\"constant\":false,\"inputs\":[{\"name\":\"_to\",\"type\":\"address\"},{\"name\":\"_value\",\"type\":\"uint256\"}],\"name\":\"transfer\",\"outputs\":[],\"payable\":false,\"type\":\"function\"},{\"constant\":true,\"inputs\":[{\"name\":\"_owner\",\"type\":\"address\"},{\"name\":\"_spender\",\"type\":\"address\"}],\"name\":\"allowance\",\"outputs\":[{\"name\":\"remaining\",\"type\":\"uint256\"}],\"payable\":false,\"type\":\"function\"},{\"constant\":false,\"inputs\":[{\"name\":\"newOwner\",\"type\":\"address\"}],\"name\":\"transferOwnership\",\"outputs\":[],\"payable\":false,\"type\":\"function\"},{\"inputs\":[],\"payable\":false,\"type\":\"constructor\"},{\"anonymous\":false,\"inputs\":[{\"indexed\":true,\"name\":\"owner\",\"type\":\"address\"},{\"indexed\":true,\"name\":\"spender\",\"type\":\"address\"},{\"indexed\":false,\"name\":\"value\",\"type\":\"uint256\"}],\"name\":\"Approval\",\"type\":\"event\"},{\"anonymous\":false,\"inputs\":[{\"indexed\":true,\"name\":\"from\",\"type\":\"address\"},{\"indexed\":true,\"name\":\"to\",\"type\":\"address\"},{\"indexed\":false,\"name\":\"value\",\"type\":\"uint256\"}],\"name\":\"Transfer\",\"type\":\"event\"}]",
  "ContractName": "IPOcoinHotelShares",
  "CompilerVersion": "v0.4.13+commit.fb4cb1a",
  "CompilerType": "solc",
  "OptimizationUsed": "1",
  "Runs": "200",
  "ConstructorArguments": "",
  "EVMVersion": "Default",
  "Library": "",
  "ContractFileName": "",
  "LicenseType": "",
  "Proxy": "0",
  "Implementation": "",
  "SwarmSource": "bzzr://01d36b7a36842f9bdacf9f5d30dba45c3268bd07f74c2c711fa252fcdca72eb3",
  "SimilarMatch": ""
}