{
  "SourceCode": "pragma solidity ^0.4.19;\r\n\r\ncontract Ownable {\r\n  address public owner;\r\n\r\n\r\n  /** \r\n   * @dev The Ownable constructor sets the original `owner` of the contract to the sender\r\n   * account.\r\n   */\r\n  function Ownable() internal {\r\n    owner = msg.sender;\r\n  }\r\n\r\n\r\n  /**\r\n   * @dev Throws if called by any account other than the owner. \r\n   */\r\n  modifier onlyOwner() {\r\n    require(msg.sender == owner);\r\n    _;\r\n  }\r\n\r\n\r\n  /**\r\n   * @dev Allows the current owner to transfer control of the contract to a newOwner.\r\n   * @param newOwner The address to transfer ownership to. \r\n   */\r\n  function transferOwnership(address newOwner) onlyOwner public {\r\n    require(newOwner != address(0));\r\n    owner = newOwner;\r\n  }\r\n\r\n}\r\n\r\n/**\r\n * Interface for the standard token.\r\n * Based on https://github.com/ethereum/EIPs/blob/master/EIPS/eip-20-token-standard.md\r\n */\r\ninterface EIP20Token {\r\n  function totalSupply() external view returns (uint256);\r\n  function balanceOf(address who) external view returns (uint256);\r\n  function transfer(address to, uint256 value) external returns (bool success);\r\n  function transferFrom(address from, address to, uint256 value) external returns (bool success);\r\n  function approve(address spender, uint256 value) external returns (bool success);\r\n  function allowance(address owner, address spender) external view returns (uint256 remaining);\r\n  event Transfer(address indexed from, address indexed to, uint256 value);\r\n  event Approval(address indexed owner, address indexed spender, uint256 value);\r\n}\r\n\r\n\r\n// The owner of this contract should be an externally owned account\r\ncontract RenderTokenInvestment1 is Ownable {\r\n\r\n  // Address of the target contract\r\n  address public investment_address = 0x46dda95DEf0ddD0d9F6829352dB2622f27Fe5da7;\r\n  // Major partner address\r\n  address public major_partner_address = 0x212286e36Ae998FAd27b627EB326107B3aF1FeD4;\r\n  // Minor partner address\r\n  address public minor_partner_address = 0x515962688858eD980EB2Db2b6fA2802D9f620C6d;\r\n  // Additional gas used for transfers.\r\n  uint public gas = 1000;\r\n\r\n  // Payments to this contract require a bit of gas. 100k should be enough.\r\n  function() payable public {\r\n    execute_transfer(msg.value);\r\n  }\r\n\r\n  // Transfer some funds to the target investment address.\r\n  function execute_transfer(uint transfer_amount) internal {\r\n    // Major fee is 0.3 for each 10.5\r\n    uint major_fee = transfer_amount * 3 / 105;\r\n    // Minor fee is 0.2 for each 10.5\r\n    uint minor_fee = transfer_amount * 2 / 105;\r\n\r\n    require(major_partner_address.call.gas(gas).value(major_fee)());\r\n    require(minor_partner_address.call.gas(gas).value(minor_fee)());\r\n\r\n    // Send the rest\r\n    uint investment_amount = transfer_amount - major_fee - minor_fee;\r\n    require(investment_address.call.gas(gas).value(investment_amount)());\r\n  }\r\n\r\n  // Sets the amount of additional gas allowed to addresses called\r\n  // @dev This allows transfers to multisigs that use more than 2300 gas in their fallback function.\r\n  //  \r\n  function set_transfer_gas(uint transfer_gas) public onlyOwner {\r\n    gas = transfer_gas;\r\n  }\r\n\r\n  // We can use this function to move unwanted tokens in the contract\r\n  function approve_unwanted_tokens(EIP20Token token, address dest, uint value) public onlyOwner {\r\n    token.approve(dest, value);\r\n  }\r\n\r\n  // This contract is designed to have no balance.\r\n  // However, we include this function to avoid stuck value by some unknown mishap.\r\n  function emergency_withdraw() public onlyOwner {\r\n    require(msg.sender.call.gas(gas).value(address(this).balance)());\r\n  }\r\n\r\n}",
  "ABI": "[{\"constant\":true,\"inputs\":[],\"name\":\"investment_address\",\"outputs\":[{\"name\":\"\",\"type\":\"address\"}],\"payable\":false,\"stateMutability\":\"view\",\"type\":\"function\"},{\"constant\":false,\"inputs\":[{\"name\":\"transfer_gas\",\"type\":\"uint256\"}],\"name\":\"set_transfer_gas\",\"outputs\":[],\"payable\":false,\"stateMutability\":\"nonpayable\",\"type\":\"function\"},{\"constant\":true,\"inputs\":[],\"name\":\"gas\",\"outputs\":[{\"name\":\"\",\"type\":\"uint256\"}],\"payable\":false,\"stateMutability\":\"view\",\"type\":\"function\"},{\"constant\":true,\"inputs\":[],\"name\":\"owner\",\"outputs\":[{\"name\":\"\",\"type\":\"address\"}],\"payable\":false,\"stateMutability\":\"view\",\"type\":\"function\"},{\"constant\":true,\"inputs\":[],\"name\":\"minor_partner_address\",\"outputs\":[{\"name\":\"\",\"type\":\"address\"}],\"payable\":false,\"stateMutability\":\"view\",\"type\":\"function\"},{\"constant\":false,\"inputs\":[{\"name\":\"token\",\"type\":\"address\"},{\"name\":\"dest\",\"type\":\"address\"},{\"name\":\"value\",\"type\":\"uint256\"}],\"name\":\"approve_unwanted_tokens\",\"outputs\":[],\"payable\":false,\"stateMutability\":\"nonpayable\",\"type\":\"function\"},{\"constant\":false,\"inputs\":[],\"name\":\"emergency_withdraw\",\"outputs\":[],\"payable\":false,\"stateMutability\":\"nonpayable\",\"type\":\"function\"},{\"constant\":true,\"inputs\":[],\"name\":\"major_partner_address\",\"outputs\":[{\"name\":\"\",\"type\":\"address\"}],\"payable\":false,\"stateMutability\":\"view\",\"type\":\"function\"},{\"constant\":false,\"inputs\":[{\"name\":\"newOwner\",\"type\":\"address\"}],\"name\":\"transferOwnership\",\"outputs\":[],\"payable\":false,\"stateMutability\":\"nonpayable\",\"type\":\"function\"},{\"payable\":true,\"stateMutability\":\"payable\",\"type\":\"fallback\"}]",
  "ContractName": "RenderTokenInvestment1",
  "CompilerVersion": "v0.4.21+commit.dfe3193c",
  "CompilerType": "solc",
  "OptimizationUsed": "1",
  "Runs": "0",
  "ConstructorArguments": "",
  "EVMVersion": "Default",
  "Library": "",
  "ContractFileName": "",
  "LicenseType": "",
  "Proxy": "0",
  "Implementation": "",
  "SwarmSource": "bzzr://85d0e148e6c441e34ea2cd802a3b4cc0c2641baf5ba4361444b473227ac686c3",
  "SimilarMatch": ""
}