{
  "SourceCode": "pragma solidity ^0.4.16;\r\n\r\ncontract Owned {\r\n    address public owner;\r\n    address public newOwner;\r\n    modifier onlyOwner { assert(msg.sender == owner); _; }\r\n\r\n    event OwnerUpdate(address _prevOwner, address _newOwner);\r\n\r\n    function Owned() {\r\n        owner = msg.sender;\r\n    }\r\n\r\n    function transferOwnership(address _newOwner) public onlyOwner {\r\n        require(_newOwner != owner);\r\n        newOwner = _newOwner;\r\n    }\r\n\r\n    function acceptOwnership() public {\r\n        require(msg.sender == newOwner);\r\n        OwnerUpdate(owner, newOwner);\r\n        owner = newOwner;\r\n        newOwner = 0x0;\r\n    }\r\n}\r\n\r\n\r\ncontract ERC20Basic {\r\n  uint public totalSupply;\r\n  function balanceOf(address who) constant returns (uint);\r\n  function transfer(address to, uint value);\r\n  event Transfer(address indexed from, address indexed to, uint value);\r\n}\r\n\r\n\r\ncontract ERC20 is ERC20Basic {\r\n  function allowance(address owner, address spender) constant returns (uint);\r\n  function transferFrom(address from, address to, uint value);\r\n  function approve(address spender, uint value);\r\n  event Approval(address indexed owner, address indexed spender, uint value);\r\n}\r\n\r\n\r\ncontract wolkair is Owned {\r\n    address public constant wolkAddress = 0x728781E75735dc0962Df3a51d7Ef47E798A7107E;\r\n    function multisend(address[] dests, uint256[] values) onlyOwner returns (uint256) {\r\n        uint256 i = 0;\r\n        require(dests.length == values.length);\r\n        while (i < dests.length) { \r\n           ERC20(wolkAddress).transfer(dests[i], values[i] * 10**18);\r\n           i += 1;\r\n        }\r\n        return(i);\r\n    }\r\n}",
  "ABI": "[{\"constant\":false,\"inputs\":[],\"name\":\"acceptOwnership\",\"outputs\":[],\"payable\":false,\"stateMutability\":\"nonpayable\",\"type\":\"function\"},{\"constant\":true,\"inputs\":[],\"name\":\"owner\",\"outputs\":[{\"name\":\"\",\"type\":\"address\"}],\"payable\":false,\"stateMutability\":\"view\",\"type\":\"function\"},{\"constant\":false,\"inputs\":[{\"name\":\"dests\",\"type\":\"address[]\"},{\"name\":\"values\",\"type\":\"uint256[]\"}],\"name\":\"multisend\",\"outputs\":[{\"name\":\"\",\"type\":\"uint256\"}],\"payable\":false,\"stateMutability\":\"nonpayable\",\"type\":\"function\"},{\"constant\":true,\"inputs\":[],\"name\":\"newOwner\",\"outputs\":[{\"name\":\"\",\"type\":\"address\"}],\"payable\":false,\"stateMutability\":\"view\",\"type\":\"function\"},{\"constant\":false,\"inputs\":[{\"name\":\"_newOwner\",\"type\":\"address\"}],\"name\":\"transferOwnership\",\"outputs\":[],\"payable\":false,\"stateMutability\":\"nonpayable\",\"type\":\"function\"},{\"constant\":true,\"inputs\":[],\"name\":\"wolkAddress\",\"outputs\":[{\"name\":\"\",\"type\":\"address\"}],\"payable\":false,\"stateMutability\":\"view\",\"type\":\"function\"},{\"anonymous\":false,\"inputs\":[{\"indexed\":false,\"name\":\"_prevOwner\",\"type\":\"address\"},{\"indexed\":false,\"name\":\"_newOwner\",\"type\":\"address\"}],\"name\":\"OwnerUpdate\",\"type\":\"event\"}]",
  "ContractName": "wolkair",
  "CompilerVersion": "v0.4.16+commit.d7661dd9",
  "CompilerType": "solc",
  "OptimizationUsed": "1",
  "Runs": "200",
  "ConstructorArguments": "",
  "EVMVersion": "Default",
  "Library": "",
  "ContractFileName": "",
  "LicenseType": "",
  "Proxy": "0",
  "Implementation": "",
  "SwarmSource": "bzzr://263a180c442ac9ed4a110aecf3885054c9707a39a3a611a2ca6f3abcf565003b",
  "SimilarMatch": ""
}