{
  "SourceCode": "pragma solidity ^0.4.11;\r\n\r\n/**\r\n * Token BRAT. Dividends, remuneration, bounty, rewards - are sent continuously, all who have the token BRAT in wallet.\r\n * Token BRAT (BRAT - translated into English as BROTHER) is the story of each brother in cryptohistory.\r\n * Each brother should be BRAT.\r\n * BRAT is the creator of the BRO-Consortium.io\r\n */\r\ncontract Ownable {\r\n  address public owner;\r\n\r\n  function Ownable() {\r\n    owner = msg.sender;\r\n  }\r\n \r\n  modifier onlyOwner() {\r\n    if (msg.sender != owner) {\r\n      revert();\r\n    }\r\n    _;\r\n  }\r\n \r\n  function transferOwnership(address newOwner) onlyOwner {\r\n    if (newOwner != address(0)) {\r\n      owner = newOwner;\r\n    }\r\n  }\r\n\r\n}\r\n\r\ncontract ERC20Basic {\r\n  uint public totalSupply;\r\n  function balanceOf(address who) constant returns (uint);\r\n  function transfer(address to, uint value);\r\n  event Transfer(address indexed from, address indexed to, uint value);\r\n}\r\n \r\ncontract ERC20 is ERC20Basic {\r\n  function allowance(address owner, address spender) constant returns (uint);\r\n  function transferFrom(address from, address to, uint value);\r\n  function approve(address spender, uint value);\r\n  event Approval(address indexed owner, address indexed spender, uint value);\r\n}\r\n\r\ncontract Airdropper is Ownable {\r\n\r\n    function multisend(address _tokenAddr, address[] dests, uint256[] values)\r\n    onlyOwner\r\n    returns (uint256) {\r\n        uint256 i = 0;\r\n        while (i < dests.length) {\r\n           ERC20(_tokenAddr).transfer(dests[i], values[i]);\r\n           i += 1;\r\n        }\r\n        return(i);\r\n    }\r\n}",
  "ABI": "[{\"constant\":true,\"inputs\":[],\"name\":\"owner\",\"outputs\":[{\"name\":\"\",\"type\":\"address\"}],\"payable\":false,\"type\":\"function\"},{\"constant\":false,\"inputs\":[{\"name\":\"_tokenAddr\",\"type\":\"address\"},{\"name\":\"dests\",\"type\":\"address[]\"},{\"name\":\"values\",\"type\":\"uint256[]\"}],\"name\":\"multisend\",\"outputs\":[{\"name\":\"\",\"type\":\"uint256\"}],\"payable\":false,\"type\":\"function\"},{\"constant\":false,\"inputs\":[{\"name\":\"newOwner\",\"type\":\"address\"}],\"name\":\"transferOwnership\",\"outputs\":[],\"payable\":false,\"type\":\"function\"}]",
  "ContractName": "Airdropper",
  "CompilerVersion": "v0.4.14+commit.c2215d46",
  "CompilerType": "solc",
  "OptimizationUsed": "1",
  "Runs": "200",
  "ConstructorArguments": "",
  "EVMVersion": "Default",
  "Library": "",
  "ContractFileName": "",
  "LicenseType": "",
  "Proxy": "0",
  "Implementation": "",
  "SwarmSource": "bzzr://ecd7a1be118c0be4429749f2211c1b8a970fedff9c2191483ebdb488b5d0914c",
  "SimilarMatch": ""
}