{
  "SourceCode": "pragma solidity ^0.4.11;\r\n\r\nlibrary SafeMath {\r\n  function mul(uint a, uint b) internal returns (uint) {\r\n    uint c = a * b;\r\n    assert(a == 0 || c / a == b);\r\n    return c;\r\n  }\r\n\r\n  function div(uint a, uint b) internal returns (uint) {\r\n    // assert(b > 0); // Solidity automatically throws when dividing by 0\r\n    uint c = a / b;\r\n    // assert(a == b * c + a % b); // There is no case in which this doesn't hold\r\n    return c;\r\n  }\r\n\r\n  function sub(uint a, uint b) internal returns (uint) {\r\n    assert(b <= a);\r\n    return a - b;\r\n  }\r\n\r\n  function add(uint a, uint b) internal returns (uint) {\r\n    uint c = a + b;\r\n    assert(c >= a);\r\n    return c;\r\n  }\r\n\r\n  function max64(uint64 a, uint64 b) internal constant returns (uint64) {\r\n    return a >= b ? a : b;\r\n  }\r\n\r\n  function min64(uint64 a, uint64 b) internal constant returns (uint64) {\r\n    return a < b ? a : b;\r\n  }\r\n\r\n  function max256(uint256 a, uint256 b) internal constant returns (uint256) {\r\n    return a >= b ? a : b;\r\n  }\r\n\r\n  function min256(uint256 a, uint256 b) internal constant returns (uint256) {\r\n    return a < b ? a : b;\r\n  }\r\n\r\n  function assert(bool assertion) internal {\r\n    if (!assertion) {\r\n      throw;\r\n    }\r\n  }\r\n}\r\n\r\ncontract ERC20Basic {\r\n  uint public totalSupply;\r\n  function balanceOf(address who) constant returns (uint);\r\n  function transfer(address to, uint value);\r\n  event Transfer(address indexed from, address indexed to, uint value);\r\n}\r\n\r\ncontract ERC20 is ERC20Basic {\r\n  function allowance(address owner, address spender) constant returns (uint);\r\n  function transferFrom(address from, address to, uint value);\r\n  function approve(address spender, uint value);\r\n  event Approval(address indexed owner, address indexed spender, uint value);\r\n}\r\n\r\ncontract BasicToken is ERC20Basic {\r\n  using SafeMath for uint;\r\n\r\n  mapping(address => uint) balances;\r\n\r\n  modifier onlyPayloadSize(uint size) {\r\n     if(msg.data.length < size + 4) {\r\n       throw;\r\n     }\r\n     _;\r\n  }\r\n\r\n  function transfer(address _to, uint _value) onlyPayloadSize(2 * 32) {\r\n    balances[msg.sender] = balances[msg.sender].sub(_value);\r\n    balances[_to] = balances[_to].add(_value);\r\n    Transfer(msg.sender, _to, _value);\r\n  }\r\n\r\n  function balanceOf(address _owner) constant returns (uint balance) {\r\n    return balances[_owner];\r\n  }\r\n\r\n}\r\n\r\ncontract StandardToken is BasicToken, ERC20 {\r\n\r\n  mapping (address => mapping (address => uint)) allowed;\r\n\r\n  function transferFrom(address _from, address _to, uint _value) onlyPayloadSize(3 * 32) {\r\n    var _allowance = allowed[_from][msg.sender];\r\n    balances[_to] = balances[_to].add(_value);\r\n    balances[_from] = balances[_from].sub(_value);\r\n    allowed[_from][msg.sender] = _allowance.sub(_value);\r\n    Transfer(_from, _to, _value);\r\n  }\r\n\r\n  function approve(address _spender, uint _value) {\r\n    if ((_value != 0) && (allowed[msg.sender][_spender] != 0)) throw;\r\n    allowed[msg.sender][_spender] = _value;\r\n    Approval(msg.sender, _spender, _value);\r\n  }\r\n\r\n  function allowance(address _owner, address _spender) constant returns (uint remaining) {\r\n    return allowed[_owner][_spender];\r\n  }\r\n}\r\n\r\ncontract KAI is StandardToken{\r\n    string public constant name = \"KAI\";\r\n    string public constant symbol = \"KAI\";\r\n    uint public constant decimals = 6;\r\n    string public constant version = \"1.0\";\r\n    // uint public constant totalNumber =10*(10**8)*(10**decimals);\r\n    address public owner;\r\n    modifier onlyOwner{\r\n      if(msg.sender != owner) throw;\r\n      _;\r\n    } \r\n    function EGC(){\r\n        owner = msg.sender;\r\n        totalSupply = 10*(10**8)*(10**decimals);\r\n        balances[owner] =  totalSupply;\r\n    }\r\n\r\n    function changeOwner(address newOwner) onlyOwner{\r\n      owner = newOwner;\r\n    }\r\n\r\n    //refuse  transactions by eth\r\n    function () payable{\r\n        throw;\r\n    }\r\n\r\n    function kill() onlyOwner{\r\n        suicide(owner);\r\n    }\r\n}",
  "ABI": "[{\"constant\":true,\"inputs\":[],\"name\":\"name\",\"outputs\":[{\"name\":\"\",\"type\":\"string\"}],\"payable\":false,\"type\":\"function\"},{\"constant\":false,\"inputs\":[{\"name\":\"_spender\",\"type\":\"address\"},{\"name\":\"_value\",\"type\":\"uint256\"}],\"name\":\"approve\",\"outputs\":[],\"payable\":false,\"type\":\"function\"},{\"constant\":false,\"inputs\":[],\"name\":\"EGC\",\"outputs\":[],\"payable\":false,\"type\":\"function\"},{\"constant\":true,\"inputs\":[],\"name\":\"totalSupply\",\"outputs\":[{\"name\":\"\",\"type\":\"uint256\"}],\"payable\":false,\"type\":\"function\"},{\"constant\":false,\"inputs\":[{\"name\":\"_from\",\"type\":\"address\"},{\"name\":\"_to\",\"type\":\"address\"},{\"name\":\"_value\",\"type\":\"uint256\"}],\"name\":\"transferFrom\",\"outputs\":[],\"payable\":false,\"type\":\"function\"},{\"constant\":true,\"inputs\":[],\"name\":\"decimals\",\"outputs\":[{\"name\":\"\",\"type\":\"uint256\"}],\"payable\":false,\"type\":\"function\"},{\"constant\":false,\"inputs\":[],\"name\":\"kill\",\"outputs\":[],\"payable\":false,\"type\":\"function\"},{\"constant\":true,\"inputs\":[],\"name\":\"version\",\"outputs\":[{\"name\":\"\",\"type\":\"string\"}],\"payable\":false,\"type\":\"function\"},{\"constant\":true,\"inputs\":[{\"name\":\"_owner\",\"type\":\"address\"}],\"name\":\"balanceOf\",\"outputs\":[{\"name\":\"balance\",\"type\":\"uint256\"}],\"payable\":false,\"type\":\"function\"},{\"constant\":true,\"inputs\":[],\"name\":\"owner\",\"outputs\":[{\"name\":\"\",\"type\":\"address\"}],\"payable\":false,\"type\":\"function\"},{\"constant\":true,\"inputs\":[],\"name\":\"symbol\",\"outputs\":[{\"name\":\"\",\"type\":\"string\"}],\"payable\":false,\"type\":\"function\"},{\"constant\":false,\"inputs\":[{\"name\":\"newOwner\",\"type\":\"address\"}],\"name\":\"changeOwner\",\"outputs\":[],\"payable\":false,\"type\":\"function\"},{\"constant\":false,\"inputs\":[{\"name\":\"_to\",\"type\":\"address\"},{\"name\":\"_value\",\"type\":\"uint256\"}],\"name\":\"transfer\",\"outputs\":[],\"payable\":false,\"type\":\"function\"},{\"constant\":true,\"inputs\":[{\"name\":\"_owner\",\"type\":\"address\"},{\"name\":\"_spender\",\"type\":\"address\"}],\"name\":\"allowance\",\"outputs\":[{\"name\":\"remaining\",\"type\":\"uint256\"}],\"payable\":false,\"type\":\"function\"},{\"payable\":true,\"type\":\"fallback\"},{\"anonymous\":false,\"inputs\":[{\"indexed\":true,\"name\":\"owner\",\"type\":\"address\"},{\"indexed\":true,\"name\":\"spender\",\"type\":\"address\"},{\"indexed\":false,\"name\":\"value\",\"type\":\"uint256\"}],\"name\":\"Approval\",\"type\":\"event\"},{\"anonymous\":false,\"inputs\":[{\"indexed\":true,\"name\":\"from\",\"type\":\"address\"},{\"indexed\":true,\"name\":\"to\",\"type\":\"address\"},{\"indexed\":false,\"name\":\"value\",\"type\":\"uint256\"}],\"name\":\"Transfer\",\"type\":\"event\"}]",
  "ContractName": "KAI",
  "CompilerVersion": "v0.4.11+commit.68ef5810",
  "CompilerType": "solc",
  "OptimizationUsed": "1",
  "Runs": "200",
  "ConstructorArguments": "",
  "EVMVersion": "Default",
  "Library": "",
  "ContractFileName": "",
  "LicenseType": "",
  "Proxy": "0",
  "Implementation": "",
  "SwarmSource": "bzzr://4c556afe0ea627d703738500f91850bfd9fba0f7bdf1c52b54fd9a6908aba888",
  "SimilarMatch": ""
}