{
  "SourceCode": "pragma solidity ^0.4.13;\r\n\r\ninterface tokenRecipient { function receiveApproval(address _from, uint256 _value, address _token, bytes _extraData); }\r\n\r\ncontract MINEX {\r\n    // Public variables of the token\r\n    string public name;\r\n    string public symbol;\r\n    uint8 public decimals;\r\n    uint256 public totalSupply;\r\n\r\n    // This creates an array with all balances\r\n    mapping (address => uint256) public balanceOf;\r\n    mapping (address => mapping (address => uint256)) public allowance;\r\n\r\n    // This generates a public event on the blockchain that will notify clients\r\n    event Transfer(address indexed from, address indexed to, uint256 value);\r\n\r\n    // This notifies clients about the amount burnt\r\n    event Burn(address indexed from, uint256 value);\r\n\r\n    /**\r\n     * Constrctor function\r\n     *\r\n     * Initializes contract with initial supply tokens to the creator of the contract\r\n     */\r\n    function MINEX() {\r\n        balanceOf[msg.sender] = 2999029096950000;              // Give the creator all initial tokens\r\n        totalSupply = 2999029096950000;                        // Update total supply\r\n        name = 'MINEX';                                   // Set the name for display purposes\r\n        symbol = 'MINEX';                               // Set the symbol for display purposes\r\n        decimals = 8;                            // Amount of decimals for display purposes\r\n    }\r\n\r\n    /**\r\n     * Internal transfer, only can be called by this contract\r\n     */\r\n    function _transfer(address _from, address _to, uint _value) internal {\r\n        require(_to != 0x0);                               // Prevent transfer to 0x0 address. Use burn() instead\r\n        require(balanceOf[_from] >= _value);                // Check if the sender has enough\r\n        require(balanceOf[_to] + _value > balanceOf[_to]); // Check for overflows\r\n        balanceOf[_from] -= _value;                         // Subtract from the sender\r\n        balanceOf[_to] += _value;                           // Add the same to the recipient\r\n        Transfer(_from, _to, _value);\r\n    }\r\n\r\n    /**\r\n     * Transfer tokens\r\n     *\r\n     * Send `_value` tokens to `_to` from your account\r\n     *\r\n     * @param _to The address of the recipient\r\n     * @param _value the amount to send\r\n     */\r\n    function transfer(address _to, uint256 _value) {\r\n        _transfer(msg.sender, _to, _value);\r\n    }\r\n\r\n    /**\r\n     * Transfer tokens from other address\r\n     *\r\n     * Send `_value` tokens to `_to` in behalf of `_from`\r\n     *\r\n     * @param _from The address of the sender\r\n     * @param _to The address of the recipient\r\n     * @param _value the amount to send\r\n     */\r\n    function transferFrom(address _from, address _to, uint256 _value) returns (bool success) {\r\n        require(_value <= allowance[_from][msg.sender]);     // Check allowance\r\n        allowance[_from][msg.sender] -= _value;\r\n        _transfer(_from, _to, _value);\r\n        return true;\r\n    }\r\n\r\n    /**\r\n     * Set allowance for other address\r\n     *\r\n     * Allows `_spender` to spend no more than `_value` tokens in your behalf\r\n     *\r\n     * @param _spender The address authorized to spend\r\n     * @param _value the max amount they can spend\r\n     */\r\n    function approve(address _spender, uint256 _value)\r\n        returns (bool success) {\r\n        allowance[msg.sender][_spender] = _value;\r\n        return true;\r\n    }\r\n\r\n    /**\r\n     * Set allowance for other address and notify\r\n     *\r\n     * Allows `_spender` to spend no more than `_value` tokens in your behalf, and then ping the contract about it\r\n     *\r\n     * @param _spender The address authorized to spend\r\n     * @param _value the max amount they can spend\r\n     * @param _extraData some extra information to send to the approved contract\r\n     */\r\n    function approveAndCall(address _spender, uint256 _value, bytes _extraData)\r\n        returns (bool success) {\r\n        tokenRecipient spender = tokenRecipient(_spender);\r\n        if (approve(_spender, _value)) {\r\n            spender.receiveApproval(msg.sender, _value, this, _extraData);\r\n            return true;\r\n        }\r\n    }\r\n\r\n    /**\r\n     * Destroy tokens\r\n     *\r\n     * Remove `_value` tokens from the system irreversibly\r\n     *\r\n     * @param _value the amount of money to burn\r\n     */\r\n    function burn(uint256 _value) returns (bool success) {\r\n        require(balanceOf[msg.sender] >= _value);   // Check if the sender has enough\r\n        balanceOf[msg.sender] -= _value;            // Subtract from the sender\r\n        totalSupply -= _value;                      // Updates totalSupply\r\n        Burn(msg.sender, _value);\r\n        return true;\r\n    }\r\n\r\n    /**\r\n     * Destroy tokens from other ccount\r\n     *\r\n     * Remove `_value` tokens from the system irreversibly on behalf of `_from`.\r\n     *\r\n     * @param _from the address of the sender\r\n     * @param _value the amount of money to burn\r\n     */\r\n    function burnFrom(address _from, uint256 _value) returns (bool success) {\r\n        require(balanceOf[_from] >= _value);                // Check if the targeted balance is enough\r\n        require(_value <= allowance[_from][msg.sender]);    // Check allowance\r\n        balanceOf[_from] -= _value;                         // Subtract from the targeted balance\r\n        allowance[_from][msg.sender] -= _value;             // Subtract from the sender's allowance\r\n        totalSupply -= _value;                              // Update totalSupply\r\n        Burn(_from, _value);\r\n        return true;\r\n    }\r\n}",
  "ABI": "[{\"constant\":true,\"inputs\":[],\"name\":\"name\",\"outputs\":[{\"name\":\"\",\"type\":\"string\"}],\"payable\":false,\"type\":\"function\"},{\"constant\":false,\"inputs\":[{\"name\":\"_spender\",\"type\":\"address\"},{\"name\":\"_value\",\"type\":\"uint256\"}],\"name\":\"approve\",\"outputs\":[{\"name\":\"success\",\"type\":\"bool\"}],\"payable\":false,\"type\":\"function\"},{\"constant\":true,\"inputs\":[],\"name\":\"totalSupply\",\"outputs\":[{\"name\":\"\",\"type\":\"uint256\"}],\"payable\":false,\"type\":\"function\"},{\"constant\":false,\"inputs\":[{\"name\":\"_from\",\"type\":\"address\"},{\"name\":\"_to\",\"type\":\"address\"},{\"name\":\"_value\",\"type\":\"uint256\"}],\"name\":\"transferFrom\",\"outputs\":[{\"name\":\"success\",\"type\":\"bool\"}],\"payable\":false,\"type\":\"function\"},{\"constant\":true,\"inputs\":[],\"name\":\"decimals\",\"outputs\":[{\"name\":\"\",\"type\":\"uint8\"}],\"payable\":false,\"type\":\"function\"},{\"constant\":false,\"inputs\":[{\"name\":\"_value\",\"type\":\"uint256\"}],\"name\":\"burn\",\"outputs\":[{\"name\":\"success\",\"type\":\"bool\"}],\"payable\":false,\"type\":\"function\"},{\"constant\":true,\"inputs\":[{\"name\":\"\",\"type\":\"address\"}],\"name\":\"balanceOf\",\"outputs\":[{\"name\":\"\",\"type\":\"uint256\"}],\"payable\":false,\"type\":\"function\"},{\"constant\":false,\"inputs\":[{\"name\":\"_from\",\"type\":\"address\"},{\"name\":\"_value\",\"type\":\"uint256\"}],\"name\":\"burnFrom\",\"outputs\":[{\"name\":\"success\",\"type\":\"bool\"}],\"payable\":false,\"type\":\"function\"},{\"constant\":true,\"inputs\":[],\"name\":\"symbol\",\"outputs\":[{\"name\":\"\",\"type\":\"string\"}],\"payable\":false,\"type\":\"function\"},{\"constant\":false,\"inputs\":[{\"name\":\"_to\",\"type\":\"address\"},{\"name\":\"_value\",\"type\":\"uint256\"}],\"name\":\"transfer\",\"outputs\":[],\"payable\":false,\"type\":\"function\"},{\"constant\":false,\"inputs\":[{\"name\":\"_spender\",\"type\":\"address\"},{\"name\":\"_value\",\"type\":\"uint256\"},{\"name\":\"_extraData\",\"type\":\"bytes\"}],\"name\":\"approveAndCall\",\"outputs\":[{\"name\":\"success\",\"type\":\"bool\"}],\"payable\":false,\"type\":\"function\"},{\"constant\":true,\"inputs\":[{\"name\":\"\",\"type\":\"address\"},{\"name\":\"\",\"type\":\"address\"}],\"name\":\"allowance\",\"outputs\":[{\"name\":\"\",\"type\":\"uint256\"}],\"payable\":false,\"type\":\"function\"},{\"inputs\":[],\"payable\":false,\"type\":\"constructor\"},{\"anonymous\":false,\"inputs\":[{\"indexed\":true,\"name\":\"from\",\"type\":\"address\"},{\"indexed\":true,\"name\":\"to\",\"type\":\"address\"},{\"indexed\":false,\"name\":\"value\",\"type\":\"uint256\"}],\"name\":\"Transfer\",\"type\":\"event\"},{\"anonymous\":false,\"inputs\":[{\"indexed\":true,\"name\":\"from\",\"type\":\"address\"},{\"indexed\":false,\"name\":\"value\",\"type\":\"uint256\"}],\"name\":\"Burn\",\"type\":\"event\"}]",
  "ContractName": "MINEX",
  "CompilerVersion": "v0.4.13+commit.fb4cb1a",
  "CompilerType": "solc",
  "OptimizationUsed": "1",
  "Runs": "200",
  "ConstructorArguments": "",
  "EVMVersion": "Default",
  "Library": "",
  "ContractFileName": "",
  "LicenseType": "",
  "Proxy": "0",
  "Implementation": "",
  "SwarmSource": "bzzr://18a7751bb2150ad1e612708abc10d0b1e3adb567f5d74482814ac0f39ec82af0",
  "SimilarMatch": ""
}