{
  "SourceCode": "pragma solidity ^0.4.19;\r\n\r\n/**\r\n * @title Ownable\r\n * @dev The Ownable contract has an owner address, and provides basic authorization control\r\n * functions, this simplifies the implementation of \"user permissions\".\r\n */\r\ncontract Ownable {\r\n  address public owner;\r\n\r\n\r\n  event OwnershipTransferred(address indexed previousOwner, address indexed newOwner);\r\n\r\n\r\n  /**\r\n   * @dev The Ownable constructor sets the original `owner` of the contract to the sender\r\n   * account.\r\n   */\r\n  function Ownable() public {\r\n    owner = msg.sender;\r\n  }\r\n\r\n  /**\r\n   * @dev Throws if called by any account other than the owner.\r\n   */\r\n  modifier onlyOwner() {\r\n    require(msg.sender == owner);\r\n    _;\r\n  }\r\n\r\n  /**\r\n   * @dev Allows the current owner to transfer control of the contract to a newOwner.\r\n   * @param newOwner The address to transfer ownership to.\r\n   */\r\n  function transferOwnership(address newOwner) public onlyOwner {\r\n    require(newOwner != address(0));\r\n    OwnershipTransferred(owner, newOwner);\r\n    owner = newOwner;\r\n  }\r\n\r\n}\r\n\r\n\r\n/**\r\n * @title ERC20Basic\r\n * @dev Simpler version of ERC20 interface\r\n * @dev see https://github.com/ethereum/EIPs/issues/179\r\n */\r\ncontract ERC20Basic {\r\n  function totalSupply() public view returns (uint256);\r\n  function balanceOf(address who) public view returns (uint256);\r\n  function transfer(address to, uint256 value) public returns (bool);\r\n  event Transfer(address indexed from, address indexed to, uint256 value);\r\n}\r\n\r\n\r\n/**\r\n * @title ERC20 interface\r\n * @dev see https://github.com/ethereum/EIPs/issues/20\r\n */\r\ncontract ERC20 is ERC20Basic {\r\n  function allowance(address owner, address spender) public view returns (uint256);\r\n  function transferFrom(address from, address to, uint256 value) public returns (bool);\r\n  function approve(address spender, uint256 value) public returns (bool);\r\n  event Approval(address indexed owner, address indexed spender, uint256 value);\r\n}\r\n\r\n\r\n/**\r\n * @title SafeMath\r\n * @dev Math operations with safety checks that throw on error\r\n */\r\nlibrary SafeMath {\r\n\r\n  /**\r\n  * @dev Multiplies two numbers, throws on overflow.\r\n  */\r\n  function mul(uint256 a, uint256 b) internal pure returns (uint256) {\r\n    if (a == 0) {\r\n      return 0;\r\n    }\r\n    uint256 c = a * b;\r\n    assert(c / a == b);\r\n    return c;\r\n  }\r\n\r\n  /**\r\n  * @dev Integer division of two numbers, truncating the quotient.\r\n  */\r\n  function div(uint256 a, uint256 b) internal pure returns (uint256) {\r\n    // assert(b > 0); // Solidity automatically throws when dividing by 0\r\n    uint256 c = a / b;\r\n    // assert(a == b * c + a % b); // There is no case in which this doesn't hold\r\n    return c;\r\n  }\r\n\r\n  /**\r\n  * @dev Substracts two numbers, throws on overflow (i.e. if subtrahend is greater than minuend).\r\n  */\r\n  function sub(uint256 a, uint256 b) internal pure returns (uint256) {\r\n    assert(b <= a);\r\n    return a - b;\r\n  }\r\n\r\n  /**\r\n  * @dev Adds two numbers, throws on overflow.\r\n  */\r\n  function add(uint256 a, uint256 b) internal pure returns (uint256) {\r\n    uint256 c = a + b;\r\n    assert(c >= a);\r\n    return c;\r\n  }\r\n}\r\n\r\ncontract LockingContract is Ownable {\r\n  using SafeMath for uint256;\r\n\r\n  event NotedTokens(address indexed _beneficiary, uint256 _tokenAmount);\r\n  event ReleasedTokens(address indexed _beneficiary);\r\n  event ReducedLockingTime(uint256 _newUnlockTime);\r\n\r\n  ERC20 public tokenContract;\r\n  mapping(address => uint256) public tokens;\r\n  uint256 public totalTokens;\r\n  uint256 public unlockTime;\r\n\r\n  function isLocked() public view returns(bool) {\r\n    return now < unlockTime;\r\n  }\r\n\r\n  modifier onlyWhenUnlocked() {\r\n    require(!isLocked());\r\n    _;\r\n  }\r\n\r\n  modifier onlyWhenLocked() {\r\n    require(isLocked());\r\n    _;\r\n  }\r\n\r\n  function LockingContract(ERC20 _tokenContract, uint256 _lockingDuration) public {\r\n    require(_lockingDuration > 0);\r\n    unlockTime = now.add(_lockingDuration);\r\n    tokenContract = _tokenContract;\r\n  }\r\n\r\n  function balanceOf(address _owner) public view returns (uint256 balance) {\r\n    return tokens[_owner];\r\n  }\r\n\r\n  // Should only be done from another contract.\r\n  // To ensure that the LockingContract can release all noted tokens later,\r\n  // one should mint/transfer tokens to the LockingContract's account prior to noting\r\n  function noteTokens(address _beneficiary, uint256 _tokenAmount) external onlyOwner onlyWhenLocked {\r\n    uint256 tokenBalance = tokenContract.balanceOf(this);\r\n    require(tokenBalance == totalTokens.add(_tokenAmount));\r\n\r\n    tokens[_beneficiary] = tokens[_beneficiary].add(_tokenAmount);\r\n    totalTokens = totalTokens.add(_tokenAmount);\r\n    NotedTokens(_beneficiary, _tokenAmount);\r\n  }\r\n\r\n  function releaseTokens(address _beneficiary) public onlyWhenUnlocked {\r\n    uint256 amount = tokens[_beneficiary];\r\n    tokens[_beneficiary] = 0;\r\n    require(tokenContract.transfer(_beneficiary, amount)); \r\n    totalTokens = totalTokens.sub(amount);\r\n    ReleasedTokens(_beneficiary);\r\n  }\r\n\r\n  function reduceLockingTime(uint256 _newUnlockTime) public onlyOwner onlyWhenLocked {\r\n    require(_newUnlockTime >= now);\r\n    require(_newUnlockTime < unlockTime);\r\n    unlockTime = _newUnlockTime;\r\n    ReducedLockingTime(_newUnlockTime);\r\n  }\r\n}",
  "ABI": "[{\"constant\":true,\"inputs\":[],\"name\":\"unlockTime\",\"outputs\":[{\"name\":\"\",\"type\":\"uint256\"}],\"payable\":false,\"stateMutability\":\"view\",\"type\":\"function\"},{\"constant\":true,\"inputs\":[],\"name\":\"tokenContract\",\"outputs\":[{\"name\":\"\",\"type\":\"address\"}],\"payable\":false,\"stateMutability\":\"view\",\"type\":\"function\"},{\"constant\":true,\"inputs\":[{\"name\":\"_owner\",\"type\":\"address\"}],\"name\":\"balanceOf\",\"outputs\":[{\"name\":\"balance\",\"type\":\"uint256\"}],\"payable\":false,\"stateMutability\":\"view\",\"type\":\"function\"},{\"constant\":true,\"inputs\":[],\"name\":\"totalTokens\",\"outputs\":[{\"name\":\"\",\"type\":\"uint256\"}],\"payable\":false,\"stateMutability\":\"view\",\"type\":\"function\"},{\"constant\":false,\"inputs\":[{\"name\":\"_beneficiary\",\"type\":\"address\"}],\"name\":\"releaseTokens\",\"outputs\":[],\"payable\":false,\"stateMutability\":\"nonpayable\",\"type\":\"function\"},{\"constant\":true,\"inputs\":[],\"name\":\"owner\",\"outputs\":[{\"name\":\"\",\"type\":\"address\"}],\"payable\":false,\"stateMutability\":\"view\",\"type\":\"function\"},{\"constant\":true,\"inputs\":[],\"name\":\"isLocked\",\"outputs\":[{\"name\":\"\",\"type\":\"bool\"}],\"payable\":false,\"stateMutability\":\"view\",\"type\":\"function\"},{\"constant\":false,\"inputs\":[{\"name\":\"_newUnlockTime\",\"type\":\"uint256\"}],\"name\":\"reduceLockingTime\",\"outputs\":[],\"payable\":false,\"stateMutability\":\"nonpayable\",\"type\":\"function\"},{\"constant\":false,\"inputs\":[{\"name\":\"_beneficiary\",\"type\":\"address\"},{\"name\":\"_tokenAmount\",\"type\":\"uint256\"}],\"name\":\"noteTokens\",\"outputs\":[],\"payable\":false,\"stateMutability\":\"nonpayable\",\"type\":\"function\"},{\"constant\":true,\"inputs\":[{\"name\":\"\",\"type\":\"address\"}],\"name\":\"tokens\",\"outputs\":[{\"name\":\"\",\"type\":\"uint256\"}],\"payable\":false,\"stateMutability\":\"view\",\"type\":\"function\"},{\"constant\":false,\"inputs\":[{\"name\":\"newOwner\",\"type\":\"address\"}],\"name\":\"transferOwnership\",\"outputs\":[],\"payable\":false,\"stateMutability\":\"nonpayable\",\"type\":\"function\"},{\"inputs\":[{\"name\":\"_tokenContract\",\"type\":\"address\"},{\"name\":\"_lockingDuration\",\"type\":\"uint256\"}],\"payable\":false,\"stateMutability\":\"nonpayable\",\"type\":\"constructor\"},{\"anonymous\":false,\"inputs\":[{\"indexed\":true,\"name\":\"_beneficiary\",\"type\":\"address\"},{\"indexed\":false,\"name\":\"_tokenAmount\",\"type\":\"uint256\"}],\"name\":\"NotedTokens\",\"type\":\"event\"},{\"anonymous\":false,\"inputs\":[{\"indexed\":true,\"name\":\"_beneficiary\",\"type\":\"address\"}],\"name\":\"ReleasedTokens\",\"type\":\"event\"},{\"anonymous\":false,\"inputs\":[{\"indexed\":false,\"name\":\"_newUnlockTime\",\"type\":\"uint256\"}],\"name\":\"ReducedLockingTime\",\"type\":\"event\"},{\"anonymous\":false,\"inputs\":[{\"indexed\":true,\"name\":\"previousOwner\",\"type\":\"address\"},{\"indexed\":true,\"name\":\"newOwner\",\"type\":\"address\"}],\"name\":\"OwnershipTransferred\",\"type\":\"event\"}]",
  "ContractName": "LockingContract",
  "CompilerVersion": "v0.4.19+commit.c4cbbb05",
  "CompilerType": "solc",
  "OptimizationUsed": "0",
  "Runs": "200",
  "ConstructorArguments": "0000000000000000000000006288014d6ba425d71f5fdc1dbfb01378241d78db000000000000000000000000000000000000000000000000000000000076a700",
  "EVMVersion": "Default",
  "Library": "",
  "ContractFileName": "",
  "LicenseType": "",
  "Proxy": "0",
  "Implementation": "",
  "SwarmSource": "bzzr://86c227a241f7efe7e9c47dc0f9ef6c6d35399592b49a3ba89339e38585ac67b8",
  "SimilarMatch": ""
}