{
  "SourceCode": "pragma solidity ^0.4.13;\r\n\r\ncontract Token {\r\n    uint256 public totalSupply;\r\n    function balanceOf(address _owner) constant returns (uint256 balance);\r\n    function transfer(address _to, uint256 _value) returns (bool success);\r\n    function transferFrom(address _from, address _to, uint256 _value) returns (bool success);\r\n    function approve(address _spender, uint256 _value) returns (bool success);\r\n    function allowance(address _owner, address _spender) constant returns (uint256 remaining);\r\n    event Transfer(address indexed _from, address indexed _to, uint256 _value);\r\n    event Approval(address indexed _owner, address indexed _spender, uint256 _value);\r\n}\r\n\r\ncontract StandardToken is Token {\r\n\r\n    function transfer(address _to, uint256 _value) returns (bool success) {\r\n      if (balances[msg.sender] >= _value && _value > 0) {\r\n        balances[msg.sender] -= _value;\r\n        balances[_to] += _value;\r\n        Transfer(msg.sender, _to, _value);\r\n        return true;\r\n      } else {\r\n        return false;\r\n      }\r\n    }\r\n\r\n    function transferFrom(address _from, address _to, uint256 _value) returns (bool success) {\r\n      if (balances[_from] >= _value && allowed[_from][msg.sender] >= _value && _value > 0) {\r\n        balances[_to] += _value;\r\n        balances[_from] -= _value;\r\n        allowed[_from][msg.sender] -= _value;\r\n        Transfer(_from, _to, _value);\r\n        return true;\r\n      } else {\r\n        return false;\r\n      }\r\n    }\r\n\r\n    function balanceOf(address _owner) constant returns (uint256 balance) {\r\n        return balances[_owner];\r\n    }\r\n\r\n    function approve(address _spender, uint256 _value) returns (bool success) {\r\n        allowed[msg.sender][_spender] = _value;\r\n        Approval(msg.sender, _spender, _value);\r\n        return true;\r\n    }\r\n\r\n    function allowance(address _owner, address _spender) constant returns (uint256 remaining) {\r\n      return allowed[_owner][_spender];\r\n    }\r\n\r\n    mapping (address => uint256) balances;\r\n    mapping (address => mapping (address => uint256)) allowed;\r\n}\r\n\r\ncontract TokenSafe {\r\n  mapping (uint256 => uint256) allocations;\r\n  mapping (address => bool) isAddressInclude;\r\n  uint256 public unlockTimeLine;\r\n  uint256 public constant firstTimeLine = 1514044800;\r\n  uint256 public constant secondTimeLine = 1521820800;\r\n  uint256 public constant thirdTimeLine = 1529769600;\r\n  address public originalContract;\r\n  uint256 public constant exponent = 10**8;\r\n  uint256 public constant limitAmount = 1500000000*exponent;\r\n  uint256 public balance = 1500000000*exponent;\r\n\r\n\r\n  function TokenSafe(address _originalContract) {\r\n    originalContract = _originalContract;\r\n    //init amount available for 1,3,6th month\r\n    //33.3%\r\n    allocations[1] = 333;\r\n    //66.6%\r\n    allocations[2] = 666;\r\n    //100%\r\n    allocations[3] = 1000;\r\n\r\n    isAddressInclude[0x5527CCB20a12546A3f03517076339060B997B468] = true;\r\n    isAddressInclude[0xb94a75e6fd07bfba543930a500e1648c2e8c9622] = true;\r\n    isAddressInclude[0x59c582aefb682e0f32c9274a6cd1c2aa45353a1f] = true;\r\n  }\r\n\r\n  function unlock() external{\r\n    require(now > firstTimeLine); //prevent untimely call\r\n    require(isAddressInclude[msg.sender] == true); //prevent address unauthorized\r\n\r\n    if(now >= firstTimeLine){\r\n        unlockTimeLine = 1;\r\n    }\r\n    if(now >= secondTimeLine){\r\n        unlockTimeLine = 2;\r\n    }\r\n    if (now >= thirdTimeLine){\r\n        unlockTimeLine = 3;\r\n    }\r\n\r\n    uint256 balanceShouldRest = limitAmount - limitAmount * allocations[unlockTimeLine] / 1000;\r\n    uint256 canWithdrawAmount = balance - balanceShouldRest;\r\n\r\n    require(canWithdrawAmount > 0);\r\n\r\n    if (!StandardToken(originalContract).transfer(msg.sender, canWithdrawAmount )){\r\n        //failed\r\n        revert();\r\n    }\r\n\r\n    //success\r\n    balance = balance - canWithdrawAmount;\r\n\r\n  }\r\n\r\n}",
  "ABI": "[{\"constant\":true,\"inputs\":[],\"name\":\"firstTimeLine\",\"outputs\":[{\"name\":\"\",\"type\":\"uint256\"}],\"payable\":false,\"stateMutability\":\"view\",\"type\":\"function\"},{\"constant\":true,\"inputs\":[],\"name\":\"thirdTimeLine\",\"outputs\":[{\"name\":\"\",\"type\":\"uint256\"}],\"payable\":false,\"stateMutability\":\"view\",\"type\":\"function\"},{\"constant\":true,\"inputs\":[],\"name\":\"exponent\",\"outputs\":[{\"name\":\"\",\"type\":\"uint256\"}],\"payable\":false,\"stateMutability\":\"view\",\"type\":\"function\"},{\"constant\":true,\"inputs\":[],\"name\":\"secondTimeLine\",\"outputs\":[{\"name\":\"\",\"type\":\"uint256\"}],\"payable\":false,\"stateMutability\":\"view\",\"type\":\"function\"},{\"constant\":true,\"inputs\":[],\"name\":\"limitAmount\",\"outputs\":[{\"name\":\"\",\"type\":\"uint256\"}],\"payable\":false,\"stateMutability\":\"view\",\"type\":\"function\"},{\"constant\":true,\"inputs\":[],\"name\":\"unlockTimeLine\",\"outputs\":[{\"name\":\"\",\"type\":\"uint256\"}],\"payable\":false,\"stateMutability\":\"view\",\"type\":\"function\"},{\"constant\":false,\"inputs\":[],\"name\":\"unlock\",\"outputs\":[],\"payable\":false,\"stateMutability\":\"nonpayable\",\"type\":\"function\"},{\"constant\":true,\"inputs\":[],\"name\":\"balance\",\"outputs\":[{\"name\":\"\",\"type\":\"uint256\"}],\"payable\":false,\"stateMutability\":\"view\",\"type\":\"function\"},{\"constant\":true,\"inputs\":[],\"name\":\"originalContract\",\"outputs\":[{\"name\":\"\",\"type\":\"address\"}],\"payable\":false,\"stateMutability\":\"view\",\"type\":\"function\"},{\"inputs\":[{\"name\":\"_originalContract\",\"type\":\"address\"}],\"payable\":false,\"stateMutability\":\"nonpayable\",\"type\":\"constructor\"}]",
  "ContractName": "TokenSafe",
  "CompilerVersion": "v0.4.20+commit.3155dd80",
  "CompilerType": "solc",
  "OptimizationUsed": "0",
  "Runs": "200",
  "ConstructorArguments": "000000000000000000000000e6f7879918e159612446b3f555e8a1dc8154f0fc",
  "EVMVersion": "Default",
  "Library": "",
  "ContractFileName": "",
  "LicenseType": "",
  "Proxy": "0",
  "Implementation": "",
  "SwarmSource": "bzzr://adafacaa53f4aed91a32159cadfee45d98a2f1689ed62522c7f5ce76fb9ab7b2",
  "SimilarMatch": ""
}