{
  "SourceCode": "/**\r\n * Cool Crypto\r\n *\r\n * Keep it Simple, \r\n * Keep it Cool\r\n * \r\n * @title CoolToken Smart Contract\r\n * @author CoolCrypto\r\n * @description A Cool Token For Everyone\r\n * \r\n * 100 Million COOL\r\n * \r\n **/\r\npragma solidity >=0.4.4;\r\n\r\ncontract CoolToken {\r\n    string public standard = 'Cool Token';\r\n    string public name = 'Cool';\r\n    string public symbol = 'COOL';\r\n    uint8 public decimals = 8;\r\n    uint256 public totalSupply = 100000000000000000;\r\n    // 10000000000000000/10^8=100M COOL.\r\n\r\n    event Transfer(address indexed from, address indexed to, uint256 value);\r\n    event Approval(address indexed owner, address indexed spender, uint256 value);\r\n\r\n    mapping(address => uint256) public balanceOf;\r\n    mapping(address => mapping(address => uint256)) public allowed;\r\n\r\n    function Token() {\r\n        balanceOf[msg.sender] = totalSupply;\r\n    }\r\n\r\n    function transfer(address _to, uint256 _value) {\r\n        require(_value > 0 && balanceOf[msg.sender] >= _value);\r\n\r\n        balanceOf[msg.sender] -= _value;\r\n        balanceOf[_to] += _value;\r\n\r\n        Transfer(msg.sender, _to, _value);\r\n    }\r\n\r\n    function transferFrom(address _from, address _to, uint256 _value) {\r\n        require(_value > 0 && balanceOf[_from] >= _value && allowed[_from][msg.sender] >= _value);\r\n\r\n        balanceOf[_from] -= _value;\r\n        balanceOf[_to] += _value;\r\n        allowed[_from][msg.sender] -= _value;\r\n\r\n        Transfer(_from, _to, _value);\r\n    }\r\n\r\n    function approve(address _spender, uint256 _value) {\r\n        allowed[msg.sender][_spender] = _value;\r\n    }\r\n\r\n  \r\n    function allowance(address _owner, address _spender) constant returns(uint256 remaining) {\r\n        return allowed[_owner][_spender];\r\n    }\r\n\r\n    function getBalanceOf(address _who) returns(uint256 amount) {\r\n        return balanceOf[_who];\r\n    }\r\n}",
  "ABI": "[{\"constant\":true,\"inputs\":[],\"name\":\"name\",\"outputs\":[{\"name\":\"\",\"type\":\"string\"}],\"payable\":false,\"stateMutability\":\"view\",\"type\":\"function\"},{\"constant\":false,\"inputs\":[{\"name\":\"_spender\",\"type\":\"address\"},{\"name\":\"_value\",\"type\":\"uint256\"}],\"name\":\"approve\",\"outputs\":[],\"payable\":false,\"stateMutability\":\"nonpayable\",\"type\":\"function\"},{\"constant\":true,\"inputs\":[],\"name\":\"totalSupply\",\"outputs\":[{\"name\":\"\",\"type\":\"uint256\"}],\"payable\":false,\"stateMutability\":\"view\",\"type\":\"function\"},{\"constant\":false,\"inputs\":[{\"name\":\"_from\",\"type\":\"address\"},{\"name\":\"_to\",\"type\":\"address\"},{\"name\":\"_value\",\"type\":\"uint256\"}],\"name\":\"transferFrom\",\"outputs\":[],\"payable\":false,\"stateMutability\":\"nonpayable\",\"type\":\"function\"},{\"constant\":true,\"inputs\":[],\"name\":\"decimals\",\"outputs\":[{\"name\":\"\",\"type\":\"uint8\"}],\"payable\":false,\"stateMutability\":\"view\",\"type\":\"function\"},{\"constant\":true,\"inputs\":[],\"name\":\"standard\",\"outputs\":[{\"name\":\"\",\"type\":\"string\"}],\"payable\":false,\"stateMutability\":\"view\",\"type\":\"function\"},{\"constant\":true,\"inputs\":[{\"name\":\"\",\"type\":\"address\"},{\"name\":\"\",\"type\":\"address\"}],\"name\":\"allowed\",\"outputs\":[{\"name\":\"\",\"type\":\"uint256\"}],\"payable\":false,\"stateMutability\":\"view\",\"type\":\"function\"},{\"constant\":true,\"inputs\":[{\"name\":\"\",\"type\":\"address\"}],\"name\":\"balanceOf\",\"outputs\":[{\"name\":\"\",\"type\":\"uint256\"}],\"payable\":false,\"stateMutability\":\"view\",\"type\":\"function\"},{\"constant\":true,\"inputs\":[],\"name\":\"symbol\",\"outputs\":[{\"name\":\"\",\"type\":\"string\"}],\"payable\":false,\"stateMutability\":\"view\",\"type\":\"function\"},{\"constant\":false,\"inputs\":[{\"name\":\"_who\",\"type\":\"address\"}],\"name\":\"getBalanceOf\",\"outputs\":[{\"name\":\"amount\",\"type\":\"uint256\"}],\"payable\":false,\"stateMutability\":\"nonpayable\",\"type\":\"function\"},{\"constant\":false,\"inputs\":[{\"name\":\"_to\",\"type\":\"address\"},{\"name\":\"_value\",\"type\":\"uint256\"}],\"name\":\"transfer\",\"outputs\":[],\"payable\":false,\"stateMutability\":\"nonpayable\",\"type\":\"function\"},{\"constant\":false,\"inputs\":[],\"name\":\"Token\",\"outputs\":[],\"payable\":false,\"stateMutability\":\"nonpayable\",\"type\":\"function\"},{\"constant\":true,\"inputs\":[{\"name\":\"_owner\",\"type\":\"address\"},{\"name\":\"_spender\",\"type\":\"address\"}],\"name\":\"allowance\",\"outputs\":[{\"name\":\"remaining\",\"type\":\"uint256\"}],\"payable\":false,\"stateMutability\":\"view\",\"type\":\"function\"},{\"anonymous\":false,\"inputs\":[{\"indexed\":true,\"name\":\"from\",\"type\":\"address\"},{\"indexed\":true,\"name\":\"to\",\"type\":\"address\"},{\"indexed\":false,\"name\":\"value\",\"type\":\"uint256\"}],\"name\":\"Transfer\",\"type\":\"event\"},{\"anonymous\":false,\"inputs\":[{\"indexed\":true,\"name\":\"owner\",\"type\":\"address\"},{\"indexed\":true,\"name\":\"spender\",\"type\":\"address\"},{\"indexed\":false,\"name\":\"value\",\"type\":\"uint256\"}],\"name\":\"Approval\",\"type\":\"event\"}]",
  "ContractName": "CoolToken",
  "CompilerVersion": "v0.4.16+commit.d7661dd9",
  "CompilerType": "solc",
  "OptimizationUsed": "0",
  "Runs": "200",
  "ConstructorArguments": "",
  "EVMVersion": "Default",
  "Library": "",
  "ContractFileName": "",
  "LicenseType": "",
  "Proxy": "0",
  "Implementation": "",
  "SwarmSource": "bzzr://8c3a258bd3dae3560d93cdf1dd9d9b1bd26e68bc334ade6a2ed1e9184b26b25b",
  "SimilarMatch": ""
}